"chr1","17170217","17170528","chr1","17328012","17328323","7","157795","GGCCGAGCACGGTGGCTCATGCCTATAATCCCAGCGCTTTGGGAGGCCAAGGCAAGAGGATTGTTTGCACCCAGGAGTCTGAGACCAGCCTGGGCAACATAGGGAGATCCTGTCTCTACAAAAAATAAAACAATTAGCTGGGTATGGTGGCTTGTGCCTGTAGTCATGGATACTCAAAATGCTGAAGAAAGAGGATCACTTGAGTCCAGGAGGTCAAGGATGCAGTGAGCCATGATTCTGCACTCCACAACATCTGCACTCCATCCTGGGCAACAGAGTGAGAACCTGTCTTTAAGAAATAAAATAAATAAA","GGCCGAGCACGGTGGCTCATGCCTATAATCCCAGCGCTTTGGGAGGCAAAGGCAGGAGGATTGTTTGCACCCAGGAGTTTGAGACCAGCCTGGGCAACATAGGAAGATCCTGTCTGTACAAAAAATAAAACAATTAGCTGGGTATGGTGGCTTGTGCCTGTAGTCATGGATACTCAAAATGCTGAGGAAAGAGGATCACTTGAGTCCAGGAGGTCAAGGATGCAGTGAGCCATGATTCTGCACTCCACAACATCTGCACTCCATCCTGGGCAACAGAGTGAGAACCTGTCTTTAAGAAACAAAATAAATAAA"
"chr1","22544358","22544672","chr12","69003359","69003667","66","46459001","GGCGAGGCATGGTGGCTCATGCCTGTAATCCCAGCACTTTGGGAGGCAGAGGCAGGAGGATCGCTTGAGCCTAGGAATCTGAGACCAATCTGAGCAACATGGCAAGACCTCATCTCAACAAAAAACTGTTTAAAAATTAGCTGGGTGTGGTGGTGCACACCTGTGGCCCCAGCTACTCAGGAGGCTGAAGCAGAAGGATTGCTTGGGAGGCTGAGGCTGCAGCGAGCCATTAGCGAGCCGTGATTGTGCCATTGTATTCCCGCCAGGGAGCCAGAGCAAGACCCTATCTCAAAAAAGAAAAGAAAAAGAAAAAAA","GCCGAGCATGGTGGCTCATGCCTGTAATCCCAGCACTTTGGGAGGCCAAGGCAGGAGGACCCCTTGAGCCGAGGAGTTCAAGGTCAGCCTGGGCAACATAGCAAGACCTCGTCTCTACAAAAAATCAAAAAATTAGCTGGTTGTGGTGGTGCATGCCTGTGGTCCCAGCTACTCAGGAGGCTGGGATGAGAAGATGGCTTGGACAGGGGAGGTTGAGGAGGCAGTAAGCCATGATTGTGCCAGTGTCCTCCAGCATGGGTGACAGAGCAAGACCTGTCTCAAAGAAAAATTAAAAGATTAAAAAATAAA"
"chr1","36569037","36569320","chr1","36242156","36242439","4","326881","GGCTCGCACCTGTAATCCCAGCACTTTGAGAGGCTAAGCTGGGAAGTTCACTTCAGCCCAGGAGTTCAAGATCAACCTGGGCAACATGGCAAGACCTGGTCTCTACAAAATATAAAGAAAATTAGCCAGGCATCGTGGCGCACACCTGTGGTCCCAGCTACTCTGGAGGCTGAGGCAGGAGGATCATTTGGGCCCAGGAGTTCGTATGTTCGTGCCACTGTACTCCAGCCTGTGGGACAGTGAGACCTTGTCTCAAAAAACAAATAAATGAACAAACAAAAAAA","GGCTCGCACCTGTAATCCCAGCACTTTGAGAGACTAAGCTGGGAAGCTCACTTCAGCCCAGGAGTTCAAGATCAACCTGGGCAACATGGCAAGACCTGGTCTCTACAAAATATAAAGAAAATTAGCCAGGCATCATGGCGCACACCTGTGGTCCCAGCTACTCTGGAGGCTGAGGCAGGAGGATCATTTCGGCCCAGGAGTTCGTATGTTCGTGCCACTGTACTCCAGCCTGTGGGACAGTGAGACCTTGTCTCAAAAAACAAATAAATGAACAAACAAAAAAA"
"chr1","101318638","101318937","chr1","99928442","99928741","4","1390196","GACTGAGTGTGGTGGCTCACGCCTGTAATCCCAGCACTCTGGGAGGCCAAGGTGGGAGGATTGTTTGGGCCCAGGAGTTTGAGACCAGCCTGTGCAATATAGTGAGACCCCCATCTCCACAAAAAAATTTAAAAATCAGGCAGGCATGGTTGTGCACACCTGTGGTCCCAGCTACTTGGGAGGCTAAGGCAGGAGGATCACTGGAGCTCAGGAGGTCAAGGCTTCAGTGAGCTGTAATTGCACCACTGCACTCCAGTCTGGGAGACAGTGCCAGACCCTGTCTTTAAAAAAAAAAAAAAA","GACTGAGTGTGGTGGCTCACGCCTGTAATCCCAGCACTCTGGGAGGCCAAGGTGGGAGGATTGTTTGGGCCCAGGAGTTTGAGACCAGCCTGTGCAATATAGTGAGACCCCCATCTCCACAAAAAAATTTAAAAATCAGTCAGGCATGGTTGTGCACACCTGTGGTCCCAGCTACTTGGGAGGCTAAGGCAGGAGGCTCACTGGAGCCCAGGAGGTCAAGGCTTCAGTGAGCTGTAATTGCACCACTGCACTCCAGTCTGGAAGACAGTGCCAGACCCTGTCTTTAAAAAAAAAAAAAAA"
"chr1","177602266","177602571","chr1","198032002","198032308","3","20429736","GGCCAAGTGCAGTGTCTCACACCTGTAATCCCAGCCCTTTGAGAGGCTGAAGCATGTGGATTTCTTGGGTCCAGGAGGTCAAGATAAGCCTGGGCAACATAGTGAGATACCATCTCTACAAAAGATACCAGATTAGCCAGGCATGGTGGTACATGCGCCTGTAGTCCCAGCTACTCAGGAGGCTGAGGCAGGAGGATCTTTTGAGCCCAGGAGGAGACTGTAGTGAGCCAAGTTTGTGGGACTGCACTCCAGCCTGGGTGACAGAGCGAGACCTTCTCTCAAAAAAAAAAGTAAAATAAAACAAAA","GGCCAAGTGCAGTGTCTCACACCTGTAATCCCAGCCCTTTGAGAGGCTGAAGCATGTGGATTTCTTGGGTCCAGGAGGTCAAGATAAGCCTGGGCAACATAGTGAGATACCATCTCTACAAAAGATACCAGATTAGCCAGGCATGGTGGTACATGCGCCTGTAGTCCCAGCTACTCAGGAGGCTGAGGCAGGAGGATCTTTTGAGCCCAGGAGGAGATTGTAGTGAGCCAAGTTTGTGGGACTGCACTCCAGCCTGGGTGACAGAGCAAGACCTTCTCTCAAAAAATAAAAGTAAAATAAAACAAAA"
"chr1","187301845","187302148","chr7","157115346","157115648","59","30186499","CACAGTGGCTCACCCCTGTAATTCCAGCACTTTGGGGGGCTGAGGCAAGAGGATTGCTTGAGCTCAGGAGTTCGAGACCAGCCTGGGCAATATAGTGAGATGCTGTCTATACAAAAAATTTATAAAAAAGCCAGGCGTGGTGGCACATTCCTGTAGTCCTAGCTACTCAGGAGGCTGAGGCATGAAGATCGCTTGAGTCAGGGAGGCTGAAGCTGCAGTGAGTGCTGATCATGCCACTGCACTCCAGCCTGGACAACAAAGCAAGACCTTGTATCAAAAAAAAAGAAAGTAAAAAGGAAAGAAA","GGTGGCTCAACCTGTAATTCCAGCACTTTGGGAGGCCAAGGCAGGAGGATTGCTTGAGCCCAGGAGTTCGAGACCAGCCTTGGCAACATAGTGAGACCCTATCTCTACAAAAAATTTAAAAATTAGCCAAGTGTGGTGGCATGCCCCTGTAGTCCCAGCTACTCAGGAGGCTGAGGCAGGAGGATCATTTGAGCATGAGAGGTCAAGGCTGTAGTGAGCTATGATCGTGTCACTGCATTCCAGCCTGGAGAACAGAGAGAGAGACCCTGTCTCAAAAAAACAAAAAAACAAAAAAACAAAAAA"
"chr1","226230204","226230336","chr7","127433550","127433679","21","98796654","GGCTGGGCATGGTGGTTCACACCTGTAATCCCAGCACTTTGGGAGGCTGAGGTGGGTAGATCACTTTAGCCCCAGAGTTTGAGACAAGCCTGGGCAACATAGGGAGATGCCGCCTCTGCAGAAAAATGAAAAA","GCTGGGCATGGTGGCTCATGCCTGTAACCCAGCACTTTGGGAGGCTGAGGCAGGAAGTTCGCTTGAGCCCAGGAGTTTGAGACCAGCCTGGGCAACATAGAGAGATCCCATCTCTACAAAAAATTAAAAA"
"chr1","588928","589219","chr1","954548","954838","5","365620","GGGCAGGTGTGGAGACTCATGCCAGTACTCACTGCACTTTGGGAGGCCAAGGCAGGAGGATCAAACTCCAAGCCCAAGAGTTTGAGACCAGCCTGAACAACATAGTGAGACCCCATCTCTACAAAAATATACAAAATATTATCCAGGCCTGGTGGCGGAATCCCAGTTACTTGGGAGGCTAAGGTGAGAGAATCACTTGAATCCAGAAGGTACGTGTCGCAGTGAGCTATGATCACTGCATTCCAGCCTGGGCGACAGAGCAAGATCCTATCTCGTAAGGAAAAAAAAAAAA","GGGCAGGTGTGGAGACTCATGCCAGTACTCACTGCACTTTGGGAGGCCAAGGCAGGAGGATCAAACTCCAAGCCCAGGAGTTTGAGACCAGCCTGAACAACACAGTGAGACCCCGTCTCTACAAAAATATACAAAATATTATCCAGGCCTGGTGGCGGAGTCCCAGTTACTTGGGAGGCTAAGGTGAGAGAATCACTTGAATCCAGAAGGTACGTGTCGCAGTGAGCTATGATCACTGCATTCCAGCCTGGGCGACAGAGCAAGATCCTATCTCGTAAGGAAAAAAAAAAA"
"chr1","750208","750474","chr1","1109453","1109719","5","359245","AGGAGAGAGGAGCGCTTGAGCCCAGGAGTTCAAGACCAGCCTGCGAAACACAGCAAGATACCCTTTTTACCAAAAAGTAAAAATAAAATTAGCCAGATGTGGTGGCAGGCATGTAGTCCTAGCTACTTGGGAGGCTGAGGCGGGAGAGTTGCTTGAGCCCAGGAGTTCAAGATGGCGGTGAGCTATGATTGCACCACCGCACTCCAGCCTGGGCAACAGAGCAAACCCGTCTCTAAAAGAAAGAAAGAAATTTTAAAAAGGAGGAAA","AGGAGAGAGGAGCGCTTGAGCCCAGGAGTTCAAGACCAGCCTGCGAAACACAGCAAGACACCCTTTTTACCAAAAAATAAAAATAAAATTAGCCAGATATGGTGGCAGGCATGTAGTCCTAGCTACTTGGGAGGCTGAGGCGGGAGAGTTGCTTGAGCCCAGGAGTTCAAGATGGCGGTGAGCTATGATTGCACCACTGCACTCCAGCCTGGGCAACAGAGCAAACCCATCTCTAAAAGAAAGAAAGAAATTTTAAAAAGGAGGAAA"
"chr1","842463","842550","chr1","1195560","1195649","5","353097","GTATGGGCCGGGCGCAGTGGCTCACGTCTGTAATCCCAGCACTTTGGGAGGCTGAGGCGGGTGGATCACCTGAGGTCAGGAGTTCGAG","GTATGGGCCGGGCACAGTGGCTCACGTCTGTAATCCCAGCACTTTGGGAAGCTGAGGTGGGTGGATCACCTGAGGTCAGGAGTTCGAGAC"
"chr1","842842","842975","chr1","1195941","1196074","5","353099","GGCCAGGCACGTGGCTCACACCTGTAGTCCCAGCACTTTGGGAGGCTGAGGCAGGAGGATCGCTTGAGCGCAGGAGTTTGAGACCAGCCTGGCCAACATGGTGAGACCCCATCTCTACTAAAAATACACAAATT","GGCCAGGCACGTGGCTCACACCTGTAGTCCCAGCAGTTTGGGAGGCTGAGGCAGGAGGATTGCTTGAGCTCAGGAGTTTGAGACCAGCCTGGCCAACATGGTGAGACCCCATCTCTACTAGAAATACACAAGTT"
"chr1","869756","869865","chr1","1220973","1221082","4","351217","GGCCGGGCACTGGGGCTTGTGCCTGTAATCCCGGCACGCTGGGAGGCTGCGGCAGGCAGATCCCTTTAGCCTAGGAGTTCGAGACCAGCCTGGGCAACACAGGGAGATCC","GGCCGGGCACTGGGGCTTGTGCCTGTAATCCCGGCATGCTGGGAGGCTGCGGCAGGCAGATCCCTTTAGCCCAGGACTTTGAGACCAGCCTGGGCAACACAGGGAGATCC"
"chr1","912638","912917","chr1","1263734","1264001","16","351096","CTGTAATCCCAGCACTTTGGGAGGGCACGGTGGAAGATCACTTGAGCCCAGGAGTTTGACACCAGCCTAGGCAACATAGCAAGACCCCACCTTTATTTAAAAAAAAAAAAAAAAAAAAAAGTTAGTCGGGTGTGGTAGTGCATGCCTGCAGCCCGCCTACTCAGGAGGCTGAGGCAGGAGGATCACTTGAGCCCAGGAGTTTAAGGCTGCAGTGAGCTATGATTGTGCCACCACATCCCATTTGGGCAACAGAGTGAGACCCTATCTCCAAAGAAAAAAA","CTGTAATCCCAGCACTTTGGGAGGGCACGGTGGAAGATCGCTTGAGCCCAGGAGCTTGACACCAGCCTAGGCAACATAGCAAGACCCCACCTTTATTTAAAAAAAAAAAGTTAGCCGGGTGTGGTAGTGCATGCCTGCAGCCCGCCTACTCAGGAGGCTGAGGCGGGAGGATCACTTGAGCCCAGGAGTTTAAGGCTGCAGTGAGCTATGATTGTGCCACCACATCCCATTTGGGCAACAGAGTGAGACCCTATCTCCAAAGAAAAAA"
"chr1","1027126","1027149","chr1","1377324","1377347","0","350198","TTTCTTTAGAAACTTCAGAATTTT","TTTCTTTAGAAACTTCAGAATTTT"
"chr1","1027464","1027506","chr1","1377654","1377696","1","350190","GGTGGGCATGGTGGTACAGACCTGTAGTCCCAGCTCCTCAGGA","GGTGGGCATGGTGGCACAGACCTGTAGTCCCAGCTCCTCAGGA"
"chr1","1029230","1029281","chr1","1379432","1379481","3","350202","CCAGCCTGGGCAACATGGCGAGACCCTGTCTCTTCAAAAAATACAAAAATTA","CCAGCCTGGGCAACATGGCGAGACCGTCTCTTCAAAAAACACAAAAATTA"
"chr1","1049219","1049514","chr1","1397581","1397876","6","348362","GCCAGATGCGGTGGCTGAAATCTGTAATCCCAGTGCTTTGGGAGGCTAAGGCCAGCAAATCCTTGGAGCCCAGGAATTTGAGACCAGCCTGGGCAACACAGCATGACCCCATCTCTACCAAATAAAAAATAAAAATTAGCTGGCATGGTTGGCGTGCTCCTATAGTCCCAGCTACTCGGGAGGCTGAGGCAGCAGAAACTCTTGAGCCTAGGAGGTTGAGGCTGTAGTGAGCCAAGATCATACCACCGCACTCTGCCCTGGACAACAGGAAACCTATCTCAGGAGAAAAAAAAAGA","GCCAGATGCGGTGGCTGAAATCTGTAATCCCAGTGCTTTGGGAGGCTAAGGCCAGCAAATCCTTGGAGCCCAGGAATTTGAGACCAGCCTGGGCAACACAGCATGACCCCATCTTTACCAAATAAAAAATAAAAATTAGCTGGCATGGTTGGCGTGCTCCTATAGTCCCAGCTACTCAGGAGGCTGAGGCAGGAGAAACTCTTGAGCCTAGGAGGTTGAGGCTGTAGTGAGCCATGATCATACCACCGCACTCTGCCCTGGACAACAGGAAACCTGTCTCAGGAGGAAAAAAAAGA"
"chr1","1182740","1182864","chr1","1510355","1510479","2","327615","GGCCAGGCGCGGTGGCTCACGCCTGTAACCCCACCAGTTTGGGAGGCCGAGGCAGGAGGATTGCTTGAGCCCAGGAGTTGGAGACCAGCCTGGGCAACAAAGAGAGACCCCGTCTGTACCAAAAA","GGGCAGGCGCGGTGGCTCACGCCTGTAACCCCGCCAGTTTGGGAGGCCGAGGCAGGAGGATTGCTTGAGCCCAGGAGTTGGAGACCAGCCTGGGCAACAAAGAGAGACCCCGTCTGTACCAAAAA"
"chr1","1234251","1234481","chr1","1560198","1560426","6","325947","CACGCCTGCAGTCCCAGCCTGGGGAGACCGAGGCAGGAGGCTCAGTTGAGCCCAGGAGCCGGAGGCCAGCCTGGGCAGCATAGCAAGCCTCTGTCTCTACAAAAAACACACAGATGTGGTGGGTGTGGTGGCACAGCTACTCGGGAAGCTGAGGCAGGAGGCTTCACTGAGCTGTGATTGCGCCATTGCGCTCCAGCCTGAGGAAGAGAACAAGACTCTCTTTTTAAAAAA","CACGCCTGCAGTTCCAGCCTGGGGAGACCGAGGCAGGAGGCTCAGTTGAGCCCAGGAGCCGGAGGCCAGCCTGGGCAGCATAGCAAGCCTCTATCTCTACAAAAAACACACAGATGTGGTGGGTGTGGTGGCACAGCTACTCGGGAAGCTGAGGCAGGAGGCTTCACTGAGCTGTGATTGCGCCATTGTGCTCCAGCCTGAGGAAGAGAACAAGACTCTTGTTAAAAAA"
"chr1","1243274","1243571","chr1","1569499","1569802","38","326225","GGCCTGGCAAGGTGGCTGTTCGGCCTATAGTCCAGCACTTTGGGAGGCTGAGGGAGGAGGATTGCTTGAGCCCAGGAATTTGAGCCCTGGGCAACACAGTGAGACCCGCCATCATTACAAAACATTTTAAAACTTAGCCTGTCACTCTGGCTGCTTAGGAGACGGGGCAGCAAGATCACTTGAGCCCAAGAGGTTGAGGCTGTGGTGAGCTATGACTGTGAGCTGTGACTGCGCCACTGAACAGGAGTTCAGTGGACTTGGCTGGACGACAGACCAAGTCCCTGTCTCTAAAAACAGA","GGCCTGGCAAGGTGGCTCTTCGGCCTATAGTCCAGCACTTTGGGAGGCTGAGGGAGGAGGATTGCTTGAGCCCAGGAGTTTGAGCCCTGGGCAACACAGTGAGACCCGCTATCATTACAAAACATTTTAAAACTTAGCCACATGTGGTTGCACATGCCTGTCATTCTGGCTGCTTGGGAGACGGGGCAGCAAGATCACTTGAGCCCAAGAGGTTGAGGCTGTGGTGAGCTATGACTGTGAGCTGTGACTGCGCCACTGAACTCCTGGCTGGACGACAAACCAAGTCTCTGTCTCTAAAAACAGA"
"chr1","1313695","1313808","chr1","1638820","1638930","5","325125","GCCAGGTGCAAGGGCTCAGGCCTGCAATTCCAGCACTTTGGGAGGGCAAGGCAGGAGGACTGCTTGAGCCCAGGAGTTCAAGACCAGCCTGGCCAACATAGCAACACTCTGTTT","GCCAGGTGCAAGGGCTCAGGCCTGTAATTCCAGCACTTTGGGAGGGCAAGGCAGGAGGACTGCTTGAGCCCAGGAGTTCAAGACCAGCCCGGCCAACATAGCAACACTCTG"
"chr1","1322921","1322992","chr1","1648045","1648116","2","325124","TGGGAGGCTAAGGCCAGAGGACCACATGACGCCAGCCTGGGCAACATAGGGAGACCTTGTCTCTGACAAAAA","TGGGAGGCTAAGGCCAGAGGACCGCATGACGCCAGCCTGGGCAACGTAGGGAGACCTTGTCTCTGACAAAAA"
"chr1","1355093","1355159","chr1","1683986","1684052","0","328893","GGCCAGCGGCGGTGGCCCACACCTAGAACCCCAGTACTTTGGAAGGCCGAGGAGGGAGGATCGCTTG","GGCCAGCGGCGGTGGCCCACACCTAGAACCCCAGTACTTTGGAAGGCCGAGGAGGGAGGATCGCTTG"
"chr1","1384156","1384337","chr1","198054817","198054996","42","196670661","GGCCGGGCGCAGTGGCCCACACCTGTAATCCCAGCACTTTGGGAGGACAAGGATGGAGGATCACTTGAGCCCGGGAGTTCAAGACCAGCCTGGCCAATATAGCGAGACCCTGTCTCTTTAAAAAAAAAAAAAAAAAGGCCGGGCGCGGTGGCTCACAACTGTAATCCCCACACTTTGGGAGG","CCGGGCACAGTGGCTCACAACAGTAATCTCAGCATTTTGGGAGGTCAAGGCAGGAAGATTGCTTGAGTCCAGAAGTTTGAGACCAGCCTGGCAACATGGCGAAACCCTGTCTCTATAAAAAATACAAAAAAATTAGCCAAGCATGGTGGCGCACATCTGTAGTCCCAGCTACTCAGGAGG"
"chr1","1384338","1384609","chr3","11805304","11805571","50","10420966","GACTGGGCGCGGTGGCTCACACCTGTAATCCCAGCACTTTGGGAGGACAAGGATGGAGGATCACTTGAGCCCGGGAGTTCAAGACCAGCCTGGCCAATATAGCGAGACCCTGTCTCTTTAAAAAAAAAAAAAAAAAGGCCGGGCGCGGTGGCCCACACCTGTAATCCCAGCACTTTGGGAGGACAAGGATGGAGGATCACTTGAGCCCGGGAGTTCAAGACCAGCCTGGCCAATATAGCGAGACCCTGTCTCTTTAAAAAAAAAAAAAAAAA","GGCCAGGCATGGTGGCTCACACTTATAATCCCAGCACTTTGGGAGGCCAGGGCGGGAGGATTGCTTGGGCTCAAGAGTTCAAGACCAGTCTGGGCAACACAGCAAGACCCTGTCTCTTTAAAAATAACAAAAATAGGCCAGATGCGGTGGCTCACACCTATAATCCCAGCACTTTGGGAGGCCAAGGCAGGAGGATCACTTGAGTCCTGGAGTTTGAGATCAGCCTGGGCAACATGGTGGAACCCTGTCTCTAAAAAAATAGAAAAAA"
"chr1","1396932","1397020","chr4","55999908","56000000","24","54602976","CAGGTGTAGTAGTCCACGCCTATATTCTCGACACTACGCGAGGCTGAGTGGGAAGGACTGCTTGAGCCGAGGAGTTCAAGACCAGCCTG","GGCAGGATGTGGTGGCTCACACCTGCAATCCCAGCACTTTGGGAGGCTGAGGTGGGAGGATTGCTTGAGCTCAGGAGTTCAAGACAAGCCTGG"
"chr1","1485423","1485550","chr1","1818436","1818563","0","333013","GGGCGCGGTCTCACGTCTGTAATCCTAGCACTTTGGGAAGCTGAGGCAGGAGGATCTCTTGAGCCCATGAGTTCAAGACCAGCCTGGGCAACAAAGTGAGACCTTGTCTCTACTAAAAATAAAAATTA","GGGCGCGGTCTCACGTCTGTAATCCTAGCACTTTGGGAAGCTGAGGCAGGAGGATCTCTTGAGCCCATGAGTTCAAGACCAGCCTGGGCAACAAAGTGAGACCTTGTCTCTACTAAAAATAAAAATTA"
"chr1","1495965","1496071","chr13","49072669","49072782","25","47576704","GGCTGGGCATGGTGGGCTATAATCCCAACACTTTAGGAGGTCAAGTCGGGAGGACTGCTTGAATCCAGCAGTTTTCGACCAGCCTGGGCAATATGGCAAAACGCTGT","GCTGGGCATGGTGGCTCATGCCTGTAATCCCAATACTTTGGGAGGCTGAGGTGGGAGGATTGCTTGAACCCAGGAGTTTGAGACCAGCCTGGGCAATATAGCAAGACCCCATCT"
"chr1","1498042","1498169","chr1","1818436","1818563","0","320394","GGGCGCGGTCTCACGTCTGTAATCCTAGCACTTTGGGAAGCTGAGGCAGGAGGATCTCTTGAGCCCATGAGTTCAAGACCAGCCTGGGCAACAAAGTGAGACCTTGTCTCTACTAAAAATAAAAATTA","GGGCGCGGTCTCACGTCTGTAATCCTAGCACTTTGGGAAGCTGAGGCAGGAGGATCTCTTGAGCCCATGAGTTCAAGACCAGCCTGGGCAACAAAGTGAGACCTTGTCTCTACTAAAAATAAAAATTA"
"chr1","1505569","1505896","chr1","1835791","1836122","12","330222","GGCCAGGTGCAGTGACTCATGACTATAATCTGAGCACTTTCCGAGGCAAGGCAGGAGGATCACTTGAGCCCAGGAATTGAAGACCAGCCTGGGCACATACTGAGACCCCATATTACAAGAATTAAAAAAAGAAAAAAAAAAAAAAAAAAGCCAGGCGTGGTAGTGCATGCCTATAGTCCCAACTACTTAGGAAGCTGAGGCCAGAGGATCGCTTGAGCCCAGGAGGTCATGGATGCAGTCAGCTATGATCACACCATTGTACTCCAGCCTAAGAGACAGAGTGAGACCCTCTTTCAAAAAAACAAAAAACAAACTCAAAAAACAAAAA","GGCCAGGTGCAGTGACTCATGACTATAATCTGAGCACTTTCCGAGGCAAGGCAGGAGGATCACTTGAGCCCAGGAATTGAAGACCAGCCTGGGCAACATACTGAGACCCCGTCTTACAAGAATTAAAAAAAGAAAAAAAAAAAAAAAAAAAAAGCCAGACATGGTAGTGCGTGCCTATAGTCCCAACTACTTAGGAAGCTGAGGCCAGAGGATCACTTGAGCCCAGGAGGTCATGGATGCAGTCAGCTATGATCACACCATTGTACTCCAGTCTAAGAGACAGAGTGAGACCCTATTTCAAAAAAACAAAAAACAAACTCAAAAAACAAAAA"
"chr1","1513084","1513379","chr1","1843231","1843525","4","330147","GCTGGGTGCGGTGCCTTATGCCTGCAATCCCAGCACCGTGGAAGGCCGACCTGCAAGGATTGTTTGAGCCCAGGAGTTAAAGACCAGCCTGTGCAGTATGGCAAGACCCCATGTCTACAAATATATATATATATTTTTAATTAGCTGGGCATGGTGGCACACACCTGTGGTCCCAGCTACTCAGGAGGCTGAGGCAGGAGGATCACCTTAGCCCAGGAAGTCGAAGCTGCAGTGAGCCATGATTGTGCCACTGTACTCCAGACTGGCTGACAGAGGGTGACCCTGTCTCAAAAAAA","GCTGGGTGCGGTGCCTTGTGCCTGCAATCCCAGCACCGTGGAAGGCCGACCTGCAAGGATCGTTTGAGCCCAGGAGTTAAAGACCAGCCTGCGCAGTATGGCAAGACCCCATGTCTACAAATATATATATATTTTTTAATTAGCTGGGCATGGTGGCACACACCTGTGGTCCCAGCTACTCAGGAGGCTGAGGCAGGAGGATCACCTTAGCCCAGGAAGTCGAAGCTGCAGTGAGCCATGATTGTGCCACTGTACTCCAGACTGGCTGACAGAGGGTGACCCTGTCTCAAAAAAA"
"chr1","1528887","1528982","chr1","1859402","1859497","1","330515","GGCTGGGCGTGGTGGCTCATGTGAGCCTGTAATCCCAGCACTTTGAGAGCAGCCTGGGCAACATAGGGAGATCCTGTCTCTTCAAACAAACAAAAA","GGCTGGGCGTGGTGGCTCATGTGAGCCTGTAATCCCAGCACTTTGAGAGCAGCCTGGGCAACAGAGGGAGATCCTGTCTCTTCAAACAAACAAAAA"
"chr1","1533443","1533559","chr12","122376237","122376352","30","120842794","GGCCAGGCACACTGGCTCACGCCTGTAATCCTAAAATTCTGGAAGGCCAAGGCGGGTGGATCCAGTTTGGGCAACATAGTTGGACCCTGTCTCTACAACACAAAAAAACAAAATTTA","GGCTAGGTACGGTGGCTTACGCCTGTAATCCCAGCATTTTGGGAGGCCAAGGTGGGAGGATCACTTGAACCTGGGCAACAAAGTGAGACCCTGTCTCTATAAAAAATAAAATAATT"
"chr1","1541577","1541857","chr1","1871997","1872277","4","330420","GGCTGGGTGCGGTGGTTCATGCTTATAGTCCTAACAGTTTGGGAGGTTGAGACAGGAAGATTGCTTGAGCCCAGGAGTTCAAGACTCTGTCTCTACTTAAAAGAAAAAATTAGCTGGGCATTGTAGCATGCACTTGTAGTTCCAGCTACTGGGGAGGCTGAGGAGGGAGCATCGCTTCAGCCCAGGGGTTGGAGTTTGCAGTGAGCTATGATCACGCAACTGTACTCGAGTCTGGGCAACAGAGCGAGACCCTGTCTTAAGAAAAAAAAAAAAAGAAAAAA","GGCTGGGTGCAGTGGTTCATGCTTATAGTCCTAACAGTTTGGGAGGTTGAGACAGGAAGATTGCTTGAGCCCAGGAGTTCAAGACTCTGTCTCTACTTAAAAGAAAAAATTAGCTGGGCATTGTAGCATACACTTGTAGTTCCAGCTACTGGGGAGGCTGAGGAGGGAGCATCGCTTCAGCCCAGGAGTTGGAGTTTGCAGTGAGCTATGATCACACAACTGTACTCGAGTCTGGGCAACAGAGCGAGACCCTGTCTTAAGAAAAAAAAAAAAAGAAAAAA"
"chr1","1575649","1575800","chr1","1905999","1906150","2","330350","GGCCAGGCACGGTGGATCACTCTTGTCATCCCACCACAGTGAGAGATTGAAGTGGGAGGATCTCTTGAGCCCAGGAGTTCGAGACCAGCCTGGGCACCATAGGGATACCCTCTGTCTACAAACAAAACATTAAAAAAAAATTAGCCGGGCAT","GGCCAGGCACGGTGGATCACTCTTGTCATCCCACCACAGTGAGAGGTTGAAGTGGGAGGATCTCTTGAGCCCAGGAGTTCGAGACCAGCCTGGGCACCATAGGGATACCCTCTGTCTACAAACAAAACATTAAAAAAAAATTAGCTGGGCAT"
"chr1","1604525","1604628","chr13","48995108","48995205","23","47390583","GCTGGGCGCCACGGCTGTAATCCCAGCACTTTGGGAGGCTGAAACAGGAGGATCACTTGAGTCCAGGAATTTGAGACCAGCCTGGGCAACACCCCATCACTACA","CAGTGGCTCACGACTGTAATCTCAGCACTTTAAGAAGCTGAAGCAGGAGGACCACCTGAGTCCAGGAGTTTGAGACCAGCCTGGGCAACATAGAGACC"
"chr1","1620921","1621187","chr22","20594898","20595150","66","18973977","GGCCAGGCCATGGTAGCACATGCCTATAATCCCAATACTTTGGAGGGCCAACGCAGGAGGATCGCTTAAGCCCAGATGTTTGCGATCAGCCTGGGCAATATAACAAGACCCTGTCTCTACCAATATACATATATATATATGCCAAGCATGGCGGCATGCATCTGTGGTCACTTGAAACCAGGAGGCCGAGGCTGCAGGGTGCAGTGATCGCACCACTGCACTCCAGCCTGGGCAACAGAGTGAGACCTCATCTCTAAAAACCAAAAA","GGTCAGGTGCATGGCTCATGCCTGTAATCCCAGCACTTTGAGAGGCCAAAGTAGAAGGATCGTTTGAGCCCAGGAGTTGGAGACCAGCCTGGGCAATATAGCCAGACCCTGTCTCTACAAAAAATTAAAAAAATTGCCAGCATGGTGGTGCACATCTGCAGTCCCTGCTACTCAGGAGGCCAAGGCTGCAGTGAGCTGTGATTGTACTACTGCACTCTGGCCTGGGTAACAGAGAGAGACCCTGTCTCAAAAA"
"chr1","1626229","1626524","chr1","1952664","1952957","11","326435","GGCTGGGCGCAGCGGCTCACACCTGTAATACCAGCACTTCGGGAGGCCAAGGCAGGAGGATCGTTTGAGCTCAGGAGTTTGAGACCAGCCTGGGAAACATAGGGAGACTCCATCTCTACTAAAAGTTTTTTTTTAATTAGCCAGGTGTGGTGATGTGCCTCTGTAGTCCCAGCTACTTGGGCGACAAAGGCAGGAAGATGGCTTGGGCCGAGGAGGTCAAGGCTACAGTGAGCTGTGATTGCACCACTGCACTCAGCCTGGGCGACAGAGACCCTGTCTCTTAAAAAAAAAAAAAA","GGCTGGGTGCAGCAGCTCACACCTGTAATACCAGCACTTCGGGAGGCCAAGGCAGGAAGATCGCTTGAGCTCAGGAGTTTGAGACCAGCCTGGGAAACATAGGGAGACTCCATCTCTACTAAAAGTTTTTTTTTAATTAGCCAGGTGTGGTGATGTGCCTCTGTAGTCCCAGCTACTTGGGGGACAAAGGCAGGAAGATGGCTTGAGCCCAGGAGGTCAAGGCTGCAGTGAGCTGTGATTGCACCACTGCATTCAGCCTGGGCGACAGAGACCCTGTCTCTTAAAAAAAAAAAA"
"chr1","1712964","1713090","chr1","2034121","2034247","1","321157","GGCTGGGCAGGGTGGCTCACGTCTGTAACCCCAGTGCTTTCAGAGGCTGAGGCAGGAGGATCGTTTGAGCCCCAGGAGTTCGAGACCAGCCTGGGCAACATATTGAGACCCTATCTATACTAAAAAT","GGCTGGGCAGGGTGGCTCACGTCTGTAACCCCAGTGCTTTCGGAGGCTGAGGCAGGAGGATCGTTTGAGCCCCAGGAGTTCGAGACCAGCCTGGGCAACATATTGAGACCCTATCTATACTAAAAAT"
"chr1","1863508","1863773","chr1","2189048","2189355","48","325540","TTCAGGAAGCCAAGGCGGGAGGATCACTTGGGCCCAGGAGTTCGAGACCAGCCTGGGCAACATGGCAAGACCCCTCCATCTGTACAAAAAATACTAAATAGCTGGGTGTGGTGACGTGCGCCTGTAGTCCCAGCTATTCAGGAGGCTGAGGTGGGAGGATCATCAAGCCCAGGAGTCTGAGGCTGCAATGAGCCGTGATTGCACCACTGCACTCCAGCCTGGGTGACAGAGCGAGACCCTGTCTCAGAAAAAAAAAAAAAAAAAAA","GGCTGGGGCTGCTGGCTCACGCCTGTAATCCCAGCACTTCAGGAAGCCAAGGCGGGAGGATCGCTTGGGCCTAGGAGTTCGAGACCAGCCTGGGCAACATGGCAAGACCCCTCCATCTGTACAAAAAATACTAAAAGTCGCTGGGTGTGGTGACGCGCGCCTGTAGTCCCAGCTATTCAGGAGGCTGAGGTGGGAGGATCATCAAGCCCAGGAGTCTGAGGCTGCAATGAGCCGTGATTGCACCACTGCACTCCAGCCTGGGCGACAGAGCGAGACCCTGTCTCAAAAAAAAAAAAACAAAAAAAAAA"
"chr1","1867026","1867289","chr1","2192636","2192899","8","325610","GGCCAGGCGCGGTGGCTCACGCCTGTAATCCCAGCCCTTTGGGAGGCTGAGGCAGATGGGTTGCTGGAGCCCAGGAGTTTGAGACCAGCCTGGGCAACATGGCAAGGTCCCATCTTTACACGCCTGGGCGTGGTGGCGCGTGCCTGTGGTCCCAGCTACTCTGGAGGCTGAAGTAGGAGGATTCCCTTGAGCCAGGAATTGGAGGCTGTAGTGAAGTATGATTGCACCACTGCACTCCAGCCTGGGTGACAGAGTAAGACCCTG","GGCCGGGCACGGTGGCTCACGCCTGTAATCCCAGCCCTTTGAGAGGCTGAGGCAGGTGGGTTGCTGGAGCCCAGGAGTTTGAGACCAGCCTGGGCAACATGGCAAGATCCCATCTTTACATGCCTGGGCGTGGTGGCGCGTGCCTGTGGTCCTAGCTACTCTGGAGGCTGAAGTGGGAGGATTCCCTTGAGCCAGGAATTGGAGGCTGTAGTGAAGTATGATTGCACCACTGCACTCCAGCCTGGGTGACAGAGTAAGACCCTG"
"chr1","1928801","1928929","chr1","2251289","2251417","4","322488","GGGAGCAGGGGCTCACACCTGTAATCCCAGTACTGTGGGACACTAGGCGGGAGGATGGCTTAAGCCCAGGAATTCACGACCAGCCTGGGCCACAGAGTGAGACCCCATCTCTACAAAAAATAAATAAAT","GGGAGCGGGGGTTCACACCTGTAATCCCAGTACTGTGGGACACCAGGCGGGAGGATGGCTCAAGCCCAGGAATTCACGACCAGCCTGGGCCACAGAGTGAGACCCCATCTCTACAAAAAATAAATAAAT"
"chr1","1940892","1941022","chr6","13390309","13390441","17","11449417","GGCTAGGCATGGTGGCTCACACCTGCAATCCTAGCACTTTGGGAGGCCAAGGCAGGAGGATCCCTTAAGCCCAGGAGTTCGAGAACAGCCTGGGCAACATAGGGAGACACTGTTTCTATTAAAAAACAAAA","GGCTGGGCATGGTGGCTCAGGCCTGTAATCCCAGCACTTTGGGAGGCCGAGGCAGGAGGATCACTTAAACCCAGGAGTTCGAGACCTGCCTGGGCAACATAGTGAGACCCTGTCTCTAAAAAAAATACAAAAA"
"chr1","2058260","2058389","chr1","2380358","2380487","2","322098","GGCCCAGCGCGGCGGCTCGCGCCTGAAATCCCAGCCCTTTGGGGGCCAAGGCAGAAGCACTTGGGGCCCAGGAATTGGAGATTAGCCTGGGCAACACAGTGAGACCTCGCCTCTTCAAAACAAAAAGTAG","GGCCCAGCGCAGCGGCTCACGCCTGAAATCCCAGCCCTTTGGGGGCCAAGGCAGAAGCACTTGGGGCCCAGGAATTGGAGATTAGCCTGGGCAACACAGTGAGACCTCGCCTCTTCAAAACAAAAAGTAG"
"chr1","2664675","2664960","chr1","2963408","2963694","10","298733","GGCCAGCCGTGGTGGCTCATGCCTGAAATCCCAGTGCTTTTGGAGGCCAAGGCAAGAGGGTCACATAAGCCCAGGAGTTTGAGACCAGCCTGGGCAACATAGTGAGACCCCATCGCTATGAAAAATACAAAAATTAGCCAGGCGTGGAGGCGTGGACCTATGGTCCCAGCTACTCAGGAGGCTGAGATGGGAGGATTGATTGAGGCCAGGAGTCTGAGGCTGCAATCTCCACTCCAGCCTGGATGGCAGCGCAAGACCCTGTCTCTAGAAAAAAAGATGAAAAAAA","GGCCAGCCGTGGTGGCTCATGCCTGAAATCCCAGTGCTTTTGGAGGCCAAGGCAAGAGGATCACATAAGCCCAGGAGTTTGAGACCAGCCTGGGCAACATAGTGAGACCCCATTGCTACAAAAAATACAAAAATTAGCCAGGTGTGGAGGCGCGGACCTATGGTCCCAGCTACTCAGGAGGCTGAGATGGGAGGATTGATTGAGGCCAGGAGTCTGAGGCTGCAATCTCCACTCCAGCCTGGATGGCAGAGCAAGACCCTGTCTCTAGAAAAAAAGACAAAAAAAAA"
"chr1","2753149","2753306","chr1","3042690","3042845","4","289541","GGCTGGGTGTGGTGGCTCACGCCTGTAATCCCAGCACTTTGGGAGTCTGAGGTAAGTGGGTCACTGGAGCCCAGGAGTTCCAGACCAGCCTGGGCAACATAGCAACTCCCTGTCCCTACAAAAAATACAAAAATTAGCTGGGTGTGGTGGTGCGTGCC","CTGGGTGTGGTGGCTCACGCCTGTAATCCCAGCACTTAGGGAGTCTGAGGTAAGTGGGTCACTGGAGCCCAGGAGTTCCAGACCAGCCTGGGCAACATAGCAACTCCCTGTCCCTACAAAAAATACAAAAATTAGCTGGGTGTGGTGGTGCATGCC"
"chr1","2754447","2754744","chr1","3043985","3044280","4","289538","GGCCAGGTGTGGTAGCTCACACCTGTAATCCCAACACTGTGGGAGGCTAAGGTAGGTGGATGGCTTGAGCCCAGGAGCTCAAGACCAGCTTGAACAACATAGTGAGACCCTGTCTCAACAAAAAGTACAAACATTAGCTGGGTGTGGTGGTGCATGCCTGTAGTCCCAGCTACTCAGGAGAATGAGGTGGGAGGTTGGCTCGAGCCCAGCAGGTGGAGGTTGCAGTGAGCTGAGATTGTGCCACAGCACTCCACTCCCAGTGACAGAGCAAGACCCTGTATCAAAAAAAGAAAAAAAA","GGCCAGGTGTGGTAGCTCACACCTGTAATCCCAACACTGTGGGAGGCTAAGGTAGGTGGATGGCTTGAGCCCAGGAGCTCAAGACCAGCTTGAACAACATAGTGAGACCCTGTCTCAACAAAAAGTACAAACATTAGCTGGGTGTGGTGGTGCATGCCTGTAGTCCCAGCTACTCAGGAGAATGAGGTGGGAGGTTGGCTTGAGCCCAGCAGGTGGAGGTTGCAGTGAGCTGAGATTGTGCCACAGCACTCCACTCCCAGTGACAGAGCAAGACCCTTATCAAAAAAAAGAAAAAA"
"chr1","2949307","2949562","chr1","3239669","3239924","3","290362","CCAGCCACAGTGGCTCACGCCTGTCATCCCAGCACTTTGGGAGGCCAAGGCAGGAGAATTGCTTGAGCCCAGGAGTTAGAAATCAGCCTGAACAACATAGTGAGACCCTGTCTCTACAAAAAATACAAAAAATTAGCCAGACATGGTGGAGCATGCCTCTAATCCTAGCTACTTGGGAGGCAGAGGTGGGAGGATCACCTGAGCCCAGGAGGTCGAGGTTGCAGTGAGCTGATCGAGCCACTGCACTCTAGCCTGG","CCAGCCACAGTGGCTCACGCCTGTCATCCTAGCACTTTGGGAGGCCAAGGCAGGAGAATTGCTTGAGCCCAGGAGTTAGAAATCAGCCTGAACAACATAGTGAGACCCTGTCTCTACAAAAAATACAAAAAATTAGCCAGACATGGTGGAGCATGCCTCTAATCCTAGCTATTTGGGAGGCAGAGGTGGGAGGATCACCTGAGCCCAGGAGGTCGAGGTTGCAGTGAGCTGATAGAGCCACTGCACTCTAGCCTGG"
"chr1","3059528","3059814","chr1","3350057","3350345","5","290529","GGCCAGGTGCAGTGGCCCAAAATCCCAGCACCTTGGGAGGCCAAGGCGGGAGGAAGCCCAGAAGTTTGAGGCCAGCCTGGACAGCATAGCAAGACCCTATCTCTACAAAATACAAAAATTAGCCTGATGTGATGGCATGTGCTGGTAGTTCCAGCTACTCAGGAGGCTGAGGCAGGAGGATCGCTTGAGCCCAGGAGGTCCGGGCTACAGAGAGCTGTGATCGCACCACTATACTCCAGCCTGGGCGAGAGAGTGAGACCCTGTCTCAAAAAAATGAAAAGAAAAGA","GGCCAGGTGCAGTGGCCCAAAATCCCAGCACCTTGGGAGGCCAAGGCGGGAGGAAGCCCAGAAGTTTGAGGCCAGCCTGGACAACATAGCAAGACCCTATCTCTACAAAAAATACAAAAATTAGCCTGATGTGATGGCATGTGCTGGTAGTTCCAGCTACTCAGGAGGCTGAGGCAGGAGGATCGCTTGAGCTCAGGAGGTCCGGGCTACAGAGAGCTGTGATCACACCACTATACTCCAGCCTGGGCGAGAGAGTGAGACCCTGTCTCAAAAAAATGAAAAGAAAAGA"
"chr1","3222651","3223042","chr1","3513203","3513575","44","290552","CCAGGTGTGGTGGCTCACACCTGTAATCCCAGCACTTTGAGAGGCCAAGGTGGGCAGATCACTTGAGTTTAGGAGTTCAAGACCAGCCTGGGCAACATAGCGAGATCCTGTATGTACAAAAAAATAAGAAAACCCAGCTAGCTGAGCATGATGGTGCACACCTGTGGTCCCAGCTACTCAGGAGGCCGAGGCAGGAGTCCCAGCTACTCAGGAGGCTGAGGCAGGAGTCCCAGCTACTCGGGAGGCCGAGGCAGGAGTCCCAGCTACTCAGGAGGCTGAGGCAGGAGAATCACTTGAGCCCAGGAGGTTGACGCTACAGTGAGCCATGATTGCACCAGTGTGCTACAGCCTGGGTGACAGAATGAGACCCTGTCTAAAAATAAATAAATAAA","CCAGGTGTGGTGGCTCACACCTGTAATCCCAGCACTTTGAGAGGCCAAGGTGGGCAGATCACTTGAGTTTAGGAGTTCAAGACCAGCCTGGGCAACATAGCGAGATCCTGTATGTACAAAAAAATAAGAAAACCCAACTAGCTGAGCATGATGGTGCACACCTGTGGTCCCAGCTACTCAGGAGGCCGAGGCAGGAGTCCCAGCTACTCGGGATGCCGAGGCAGGAGTCCCAGCTACTCGGAAGGCTGAGGCAGGAGAATCACTTGAGCCCAGGAGGTTGACGCTACAGTGAGCCATGATTGCACCAGTGTGCTACAGCCTGGGTGACAGAATGAGACCCTGTCTAAAAATAAATAAATAAATAAATAAACAA"
"chr1","3304992","3305300","chr1","3594147","3594456","16","289155","GGCCAGACATGGCGGCTCACACCTGTAATCCCAGCACTTTGGAAGGCCGAGATGGAAGGATCGCTTGAGCCTAGGAGCTCAAGACCAGCCTGGGCAACATGGTGAGACCCTGTCTCTACAAAAAATACAATAATTATTCAAGCGTGGTGGTGCACACCTACATTCTCAGCTACTTGGGAGGCTGAGGTGGGAGGATCGCTTGAGTCCAGGATTTTGAGGCTGCAGTGAGCTATGGCGGTGCCACTGCACTCCAGCCTGGGTGACAGAGTGAGACCTTACCTCTAAAAAATAAACATAACAAAACAAAAA","GGCGGGACATGGTGGCTCACACCTGTAATCCCAGCACTTTGGAAGGCCGAGGTGGAAGGATCGCTTGAGCCTAGGAGCTCAAGACCAGCCTGGGCAACATGGTGAGACCCTGTCTCTACAAAAAATACAATAATTATTCAAGCGTGGTGGTGCACACCTACAGTCTCAGCCACTCGGGAGGCTGAGGTGGGAGGATTGCTTGAGTCCAGGAATTTGAGGCTGCAGTGAGCTATGGTGGTGCCACTGCACTCCAGCCTGGTTGACAGAGTAAGACCTTACCTCTAAAAAATAAACATAAAAAGTAACAAAA"
"chr1","3438595","3438907","chr1","3728702","3729015","13","290107","GGGGGCAGTGGCTCATGCCTGTAATCCCGGCATTTTGGGAGGCTGAGGCGGGTGGATCACTTGAGCCCAGGAGTTTGAGACCAAAGTGGGCAACATGGTGAGAACCCATCTCTACAAAAATTAGCTGGGCGTGGTGGTGGCATGCAGCTGCAGTCCCAGCTACTCAGAAGACTGAGGCAGGAGGATCACCTGAGGGCAGGAGGATCGCCTGAGCCCAGGAGTCCAAGGCTGCAGCGAGCTATGATGATGCCACTGCACTCTAGCCTAGGCGACAGAGCAAGACTCTGTCAAAAGAGAGAGAGAGACAGAGAGA","CAGTGGCTCATGCCTGTAATCCCGGCATTTTGGGAGGCTGAGGCGGGTGGATCACTTGAGCCCAGGAGTTTGAGACCAAAGTGGGCAACATGGTGAGAACCCATCTCTACAAAAATTAGCTGGGCGTGGTGGTGGCGTGCAGCTGCAGTCCCAGCTACTCAGAAGACTGAGGCAGGAGGATCACCTGAGGGCAGGAGGATCGCCTGAGCCCAGGAGTCCAAGGCTGCAGCGAGCTATGATGATGCCACTGCACTCTAGCCTAGGCGACAGAGCAAGACGCTGTCGAAAGAAAGAGAGAGAGAGAGACAGAGAGA"
"chr1","3492383","3492666","chr1","3781698","3781981","5","289315","GGCCAGGCACAGTGGCTCACACCTGTAAATCCAGCACTTTGGGAGGTTGATGTGGGAGGATTGCTTGAGCTCAGGAGTTCAAGACTAGCCTGGACAACACAGCAAGACCCCATCTCTACAAAAAAATACAAAAATTAGCCGGGTGTGGTGCCATGCACCTGTGGTCCCAGCTACTCAGGAGGCTGACATGGGAGGATTGCTTAAGCCCAAGAGTTTGAGGCTGCAGTGAGCTATGATCTTGCCACTGCACTCCAACTTTGGCAACAGAGCAAGACCTATCTCAA","GGCCAGGCACAGTGGCTCACACCTGTAAATCCAGCACTTTGGGAGGTTGATGTGGGAGGATTGCTTGAGCTCAGGAGTTCAAGACCAGCCTGGACAACACAGCAAGACCCCATCTCTACAAAAAAATACAAAAATTAGCCAGGTGTGGTGCCATGCACCTGTGGTCCCAGCTACTCAGGAGGCTGACATGGGAGGATCGCTTAAGCCCAAGAGTTTGAGGCTGCAGTGAGCTATGATCTTGCCACTGCACTCCAACTTCGGCAACACAGCAAGACCTATCTCAA"
"chr1","3520608","3520905","chr6","116294025","116294322","54","112773417","GGCCAGACACAGTGGCTCACACCTATAAACCCAGCCTTTGGGAGACCAAGATGAGAGGATCACCAGCGTCCAGGAGTTCAAGACCAACCTGGGCAACATAGCGAGACCTCATCTCTGCAAAAAATAAAAAATTAGCTGGGCATGGTGGCATGTGCCTGTAGTGCCACCTATTTGGGTAGCAGAGGCAGGAGGATCACATGAGCCCTGGAGGTTGAGGCTGAAGTGAGCCATGATCATGCCAGTGCACTCAGCCTAGGTGACAGAGTGAGACCCTGTCTCAAAAAAAAAAAAAAAAAAA","GGCCAGGCACAGTGGCTCACTCCTATAATCCCAACACTTTGGGAGGCTGAACCAAAAGGATCCCTTGAGCCCAGGAGTTCAAGACCAGCCTGGGCAGCATAGCAAGACCTCATCTCTACAAAAAATTAAAAAATTAACTGGCATGGTGGCACATGCCTGTAGTCCTAGCTACTTGGGAAGCTGAGGTGGGAGGATTGCTTGAGCCCAGGAGGTCGAGGCTGCAGAGAACTGTGATCATGCCACTGCACTCCAGCCTGGGTGACAGAGTGAGACCTTGTCTCAAAAATAGAAAATAAAA"
"chr1","3549101","3549387","chr1","3838161","3838450","6","289060","GGCCAGGCATGGTGGCTCACGCCTGTAATCCCATCACTTTGGGAGGCCAAGGCTGGAGGATTGTTTGAGCCCAGGAGTTCGAGACCAGCCTGGGCAACATAGAGAGACCCTATCTCTACAAAAAGTAAATAATAGCCAGGCCTGGTGGCACACACCTGTAGTCCTAGCTACTCAGGAGAGTGAGACAGGAGGATCACTTGGGCCCAGAAGTTCGAGGCTGCAGTGAGCTACGATCGCACCACTGCTCTCCAGCCTTGGTGATGGAGCGAGACCCTGCCTCTGAAAAA","GGCCAGGCATGGTGGCTCACGCCTGTAATCCCATCACTTTGGGAGGCCAAGGCTGGAGGATTGTTTGAGCCCAGGAGTTCGAGACCAGCCTGGGCAACATAGAGAGACCCTGTCTCTACAAAAAGTAAGTAATAGCCAGGCCTGGTGGCACACACCTGTAGTCCTAGCTACTCAGGAGAGTGAGACAGGAGGATCACTTGGGCCCAGAAGTTCGAGGCTGCAGTGAGCTACGATCGCACCACTGCACTCCAGCCTTGGTGATGGAGCGAGACCCTGCCTCTGAAAAACAA"
"chr1","3554442","3554717","chr1","3843377","3843651","4","288935","GGCCGGGTGTGGTGGCTAACGCCTGTAATCTCACCACTTTGGGAGGCCAAGGCAGGAGGATTGCTTGAGATCAGGAGTTTGAAACCAGCCTGGGGAACATGCCAAAACCCCATCTCTACTAAAAATACAAAAATTAGCTGGGCATGGTGGTGCACGCTTGTAGTCTCAACTACTCAGGAAATTGAGGCAGGAAGATCGCTTGAGCCGAGATCATGCCACTGTATTCCAGCCTGGGTGACAGAGTGAGACCCTGTCTCAAAAAAAAAAAAAAAAAAA","GGCTGGGTGTGGTGGCTAACGCCTGTAATCTCACCACTTTGGGAGGCCAAGGCAGGAGGATTGCTTGAGATCAGGAGTTTGAAACCGGCCTGGGGAACATGTCAAAACCCCATCTCTACTAAAAATACAAAAATTAGCTGGGCATGGTGGTGCACGCTTGTAGTCTCAACTACTCAGGAAATTGAGGCAGGAAGATCGCTTGAGCCGAGATCATGCCACTGTATTCCAGCCTGGGTGACAGAGTGAGACCCTGTCTCAAAAAAAAAAAAAAAAAA"
"chr1","3578819","3579105","chr1","3867571","3867855","10","288752","GGCCAGGTGTGGTTGCTCACACCTATAATCCTAGCACTTTGGGAGGCCGAGGCTGGAAGACAGCTTGAGCCCTGGAGTTCAAGATCAGCCTAGGTAACAAAGCGAGACCTCATCTCTAAAAACATTTAAAAAGTTAGCCAGGTGTGGTGGTGCGTACCTGTAGTCTTAGCCACTTGGGAGTCTGAGGCAGGAGGATTCCCTGAGCCCAGGAGGTTAAGGCTGTAGTAAGCTGTGTTTGTGCCACTGTACTCCAGCCTGGAGAACAGAGCAAGACCCTGTCAAAAAGA","GGCCAGGTGTCGTTGCTCACACCTATAATCCTAGCACTTTGGGAGGCCGAGGCTGGAAGACAGCTTGAGCCCTGGAGTTCAAGATCAGCCTAGGTAACAAAGTGAGACCTCATCTCTAAAAACATTTAAAAAGTGAGCCAGGTGTGGTAGTGCGTCCCTGTAGTCTTAGCCACTTGGAAGTCTGAGGCAGGAGGATTCCCTGAGCCCAGGAGGTTAAGGCTGTAGTAAGCTGTGTTCGTGCCACTGTACTCCAGCCTGGAGGACAGAGCAAGACCCTGTCAAAAA"
"chr1","3602112","3602409","chr1","3885904","3886208","10","283792","CCGGGTGCAGGGGCTCACGCCTGTAATCCCAGCACTTCAGGAGGCCAGGGTGGGTGGATCACCTGAGCCCAGGAGTTTGAGACCAACCGGGACAACATAGTGAGACCATCTCTACAAACAAAAATAAATTAGCTAGGCATGGTGGCACATGCCCGGGGTCTCAGTTACTGCAGAGGCTGAGGCAGGAGAATCACTTAAACCCAGGAGTTCAAGGCTGCGGTGAGCTGAGATCACACCACTGCACTCCAGCCTGGATGACAGAACAAGACCCTGTCTTAAAAAACAGACAACGAAAGAA","GCCGGGTGCAGGGGCTCACGCCTGTAATCCCAGCACTTCAGGAGGCCAGGGTGGGTGGATCGCCTGAGCCCAGGAGTTTGAGACCAACCTGGACAACATAGTGAGACCATCTCTACAAACATAAAAATAAATTAGCTAGGCATGGTGGCACATGCCCGGGGTCTCAGTTACTGCAGAGGCTGAGGCAGGAGAATCACTTAAACCCAGGAGTTCAAGGCTGCGGTGAGCTGAGATCACACCACTGCACTCCAGCCTGGATGACAGAACAAGACCCTGTCTTAAAAAACAGACAGACAACAAAAGAA"
"chr1","3718275","3718396","chr1","4003546","4003667","5","285271","CAGGCGTGGTGGCTTATGCCTACAATCCCAACACTTTGGGAGGCCAAGGCAGGAGGATGGCTTGAGTCCAGGAGTTTGAGACCAGCCTGGGCAACGGAGTGAGACCTTATCTCTACAAGAAA","CAGGCATGGTGGCTTACGCCTACAATCCCAGCACTTTGGGAGGCCAAGGCAGGAGGATGGCTTGAGTCCAGGAGTTTGAGACCAGCCTGGGCAATGGAGTGAGACCTTATTTCTACAAGAAA"
"chr1","4015221","4015464","chr1","4325193","4325435","9","309972","GGCTGAGCATGGGGGTTCAAGCCTGTAATCCCAGCCCTTTGGGAGGCCAAGGCAGGAGGATTGCTGGGGCTCAGGAGTTCAAGACCAGCCTGGGAAACATAGTAAGAACTCAACTCTGCAAAAATTTTTTTAAAATAGCTGGTCAAGGTGGCATGTGCCTGTAGTCCCAGCTACTTTGGAGGCTAAAGCAAGAGAATTTCTTGAGCCCAGGAGATGGAGACTGTATTGAGCTGTGATTGCTCCA","GGCTGAGCATGGGGTTCATGCCTGTAATCCCAGTCCTTTGGGAGGCCAAGGCAGGAGGATCGCTGGGGCTCAGGAGTTCAAGACCAGCCTGGGAAACATAGTGAGAACTCAGCTCTGCAAAAATGTTTTTAAAATAGCTGGTCAAGGTGGCATGTGCCTGTAGTTCCAGCTACTTTGGAGGCTAAAGCAAGAGAATTTCTTGAGCCCAGGAGATGGAGACTGTATTGAGCTCTGATTGCTCCA"
"chr1","4354043","4354175","chr1","4663146","4663278","2","309103","GGCTGGGTGCAGAGACTCATGCCTGGAATCCCAGCACTCTGGGAGGCTGAGGTGGGACGATCGCTTGAGCTCAGGCATTTGAGACCAGCCTGGGCAACACAGCAAGACCTAATCTATTCAAAGTATAAAAAAA","GGCTGGGTGCAGAGACTCATGCCTGGAATCCCAGCACTCTAGGAGGCTGAGGTGGGATGATCGCTTGAGCTCAGGCATTTGAGACCAGCCTGGGCAACACAGCAAGACCTAATCTATTCAAAGTATAAAAAAA"
"chr1","4429014","4429321","chr1","4737612","4737904","23","308598","GGCCAAGTGCAGTGGTTCACAGTTATAATCCCAGCACTTTAGGAGGCCTAGGTGGGAGAATCACTTAAGCCCAGGAATCAAGACTAGCCTGGGCAACAGAGTGAGACCCCGTTTTCTACAAAAATGATTATTTAAAATATTAGCTGGATGTGGTGGTGCATGCACCTGTGGTCCCAGCTACTCGAGAGGCTGAGGCAGGTGGATCGCTTGAGCCCAGAAGATTGAGGCTCAGTGAACCATGATTGCACTACTGCATTCCAGCCTGGGTGACAGAGCGAGACCCTCTTTCAAAAAAACCAAAACCAAAA","GGCCAAGTGCAGTGGTTCACAGTTATAATCCCAGCACTTTAGGAGGCCTAGGTGGGAGAATCACTTTAGCCCAGGAATCAAGACTAGCCTGGGCAACAGAGTGAGACCCCGTTTTCTACAAAAATAATTATTTAAAATATTAGCTGGATGTAGTGGTGCATGCACCTGTGGTCCCAGCTACTCGAGAGGCTGAGGCAGGTGGATCGCTTGAGCCCAGAAGATTGAGGCTGCCGTGAACCATGATTGCACTACTGCACTCCAGCCTGGGCGACAGAGCGAGACCCTCTTTCAAA"
"chr1","4666749","4667053","chr1","4972551","4972851","8","305802","GGCTGGGTGTGGAGGCTCACGTCTGTTCTCCCAGTGCTTTGGCAGGCTGAGGTGGGAGGATCCCTTGAGCCTAGGAGTTCAAGACTAGCCTGGGCAACATAGTGAGACCCTTTCTCTACAAAAAAACAAAAAATTAGCTGTGCATGGTGACATGCTCCTGTAGTCCCGGATACTCAAGAGGCTGAGGTGGGAGGATCACTTGGGCCCAGGAGTTTAAGGCAGGCTGCAGTCAGCTGTAATCGTGCCACTGCACCCAGCCTAGGTGACAGAGTGAGACCCTGTCTCAAAAACAAACAACAAACAAA","GGCTGGGTGTGGAGGCTCACATCTGTTCTCCCAGTGCTTTGGCAGGCTGAGGTGGGAGGAGCCCTTGAGCCTAGGAGTTCAAGACTAGCCTGGGCAACATAGTGAGACCCTTTCTCTACAAAAAACAAAAAATTAGCTGTGCATGGTGACATGCTCCTGTAGTCCCGGATACTCAAGAGGCTGAGGTGGGAGGATCACTTGGGCCCAGGAGTTTAAGGCAGGCTGCAGTCAGCTGTAATCGTGCCACTGCACCCAGCCTAGGTGACAGAGTGAGACCCTGTCTCACTAACAAACAAACAAA"
"chr1","4800211","4800511","chr1","5104675","5104969","14","304464","GGCAGGGCACAGTGGCTAATGCCTGTAATCCCAGCATTTTGGGAGGCTGAGGCGGGAGAATTACTTGAGCCCAGGAGTTTGAGACCAGCCTGGGCAACATAGTGAGAGCTGGTCTCTACAAAAAATACATTAGCCGGTCGTGGTGGTGGGTGCCTGTAGTCCCAGTTACTCGAGAGGCCAAAGTGGGAGGATCATTTGAGCCCAGGCGGTTGAGGCTACAGTGAGCTGTGATCATACCACTGCATTCTAGCAAGGGCAACAGTGTGAGACCCTGTCTCAAAAAGATAAATAAATAAATAAA","GGCAGGGCGCAGTGGCTAATGCCTGTAATCCCAGCATTTTGGGAGGCTGAGGCGGGAGAATTACTTGAGCCCAGGAGTTTGAGACCAGCCTGGGCAACATAGTGAGAGCTGGTCTCTACAAAAAACACATTAGCCAGGTGTGGTGGTGCGTGCCTGTAGTCCCAGTTACTTGAGAGGCCAAAGTGGGAGGATCATTTGAGCCCAGGGAGTTGAGGCTACAGTGAGCTGTGATCATACCACTGCATTCTAGCAAGGGCAACAGTGTGAGACCCTGTCTCAAAAATAAATAAATAAA"
"chr1","4927096","4927343","chr1","5230711","5230955","11","303615","TTCAGGAGGCTGAGGCATGAGTATAGCTTGAGCCCAGGAGTTCAAGACCAGCCTGGGCAACATAGGGAGACCCTGTCTCTACAAAACACATTTAAAAATTAGTCAAGCATAGCAGCACATGCTTGTGGTCACAGATACTCAGGAGGCTGAGGTAGGAGGATTGCTTGAGCTCAGGAGTTCAAGGCTGCAGTGAGCTGTGATCACATCTGGGGAACAGAACAAAACCCTGTCTCAAAAAAAAAAAAAAA","GAGGCTGAGGCAGGAGGATAGCTTGAGCCCAGGAGTTCAAGACCAGCCTGGGCAACATAGGGAGACCCTGTCTCTACAAAACACATTTAAAAATTAGTCAAGCATAGCAGCACATGCTTGTGGTCATAGATACTCAGGAGGCTGAGGTAGGAGGATTGCTTGAGCTCAGGAGTTCAAGGCTGCAGTGAGCTGTGATCACACCTGGGGAACAGAACAAAACCCTGTCTCAAAAAAAAAAAAAAAAA"
"chr1","4990479","4990759","chr1","5284158","5284435","9","293679","GGTGGCTCTTGCCTGTAATGCCAGCACTTTGGGAGGCCAAGGCAGGCAGATTGCTTGAGCCCAGGAGTTCAAGACCAGCCTGGACAACGATAGTGAGACTCCATGTCTACTAAAAATACAAAAATTAGCCAAACATGGACCCATAGTCTCAGTTACTTGGGAGGCTAAGGTGGGAGGATCACCTCGACCCAGGAAGTCAAGGCTGCAGTGAGCCATGGTCATGCCACTGAACTCCATCCTGGGTGACAGGCGTGAGACTTTGTCTCAAAAAAAAAAAAAAA","GTGGTGGCTCTTGCCTGTAATGCCAGCACTTTGGGAGGCCAAGGCAGGCAGATTGCTTGAGCCCAGGAGTTCAAGACCAGCCTGGACAACGATAGTGAGACTCCATGTCTACTAAAAATACAAAAATTAGCCAAACATGGACCCATAGTCTCAGTTACTTGGGAGGCTAAGGTGGGAGGATCACCTCGACCCAGGAAGTCAAGGCTGCAGTGAGCCATGGTCATGCCACTGCACTCCATCCTGGGTGACAGGAGTGAGACTTTGTCTCAAAAAAAAAA"
"chr1","5153399","5153532","chr1","5436348","5436482","8","282949","GGCTGGGTTCAGTGGCTCACGCCTGTAATCCCAGCTTTTTGGGAGGCCAAAGCCAAAGTGGGAGGACTGCATGAATCCAGGAATTTGAGACTAGCCCCATAGCGAGACCTCATATCTACTAAAAGAATCAAAAA","GGCTGGGTGCAGTGGCTCACGCCTGTAATCCCAGCTTTTTGGGAGGCCAAAGCCAAAGTGGGAGGACTGCATGAATCCAGGAGTTTGAGACTAGCAGCATGGTAAGACCTCATATCTACTAAAAGAATCAAAAAT"
"chr1","5452385","5452514","chr1","5722268","5722395","2","269883","GGCTAGGCACAGTGGCTCACATCAGTAAATCACAGCACTCTGGGAGGCTGGGGCGGGAGGATCACTTCAGCTCAGGAGTGTGTGACCAGCCTGGGCAACATAGTGAGACCTCATCTCTATTTAAAAAACA","GGCTAGGCACAGTGGCTCACATCAGTAAATCACAGCACTCTGGGAGGCTGGGGCGGGAGGATCACTTCAGCTCAGGAGTGTGTGACCAGCCTGGGCAACATAGTGAGACCTCATCTCTATTTAAAAAA"
"chr1","5648489","5648792","chr7","98358354","98358655","54","92709865","GGCCAGGCATGGTGGCTCATGCCTGTAATCCTAGCACTTTAGAAGGCTGAGGCAGGAGGATCACTTGAGCCCAGGAGTTCAAGACCAGCCTGGGCAACATAGCAAGACCCCATTTCTACTAAAAATAAAACAAATTAGCTATGCGCGGTGGTGTGCACCTTTAGTCCCCGCTACTCAGGAGGCCAAGGCAAGAGGATTGGTTGAGCCCAGGAGATTGAGGCTGCAGTGAGCCATGATTACGCCAGCGCACTCCAGCCTGGGCAAAAGAGTGAGACCTTGTCTCAAAAATGAATAAGTAAATAAA","GCTAGGTATGGTGGCTTATGCCTGTAATGCCAGCACTTTGGGAGGCTGAGGTGGGAGGATCGCTTGAGCCCAGGAGTTCAAGACCAGCCTGGGCAACATAGTGAGACCCTATTTCTAGAAAAAATAAAAAATTAGCTAGGTGTGGTGGCGTGCACCTGTAGTCCCAGTTACTCAGGAGGCTGAGGTGGGAGGATGGCTTGAGTCCAGGAGGTGGAGGCTGCAGTGAGCTATGATCACACCACTGCACTCCAGTGTGGGCAACAGAGTGAGACGCTGACTCTTAAAAAAAAAAAAACAAAAAA"
"chr1","5801304","5801614","chr1","93371930","93372237","53","87570626","GGCCAGGCACGGTGGCTCATGCCTGTAATACCAGCACTTTGGGAGGCCGAGGTGGGTGGATTGCTTGAGCCCAGAAGTCCGAGACCAGCCTAGGCAACATGGCAAAACCCCATCTCTACCCCAAAATACAAAGAAATTAGGTAGGCATGGTGCCATGCACCTGTAGTCCCAGCTACTTGGGAGGCTGAGGTGGGAGGATTACCTGAGCCCAAAGAGTTTGAGGCTGCAGTGAGCCGTGATCACACCACTGCACTCCAGGCTGGGTGACAGAGCGAGACTCCATTGCGCAAAAAAAAAAAAAAAAAAAAAAA","GGCCAGGCATAGTGGCTTACACCTATAATCCCAGCACTTTGGAGGGCCAAGGCAGGTGGATTGCTTGAGCCCAGGAGTTCGAGACCAGCCTGGGCAACATGGCGAAATCCCATCTCTACAAAAAATACAAAAAGTAGTCGGCATTGTGGCATGTGCCTGTAGTGCCAGCTACTTGGGAGGCTGAGATGGGAGAATCGCTTGAGCCCAGGAGTTTGAGGCTGCAGTGAGCTGAGATCATGCCACTGCACTCCATCCTGGGTGACAGAGCAAGACCCTGTCTCAAAAAAAAACAAAAAACAAACAAAAAA"
"chr1","5808464","5808765","chr1","6059179","6059489","19","250715","GGCTGGGCACAGTGGCTCACGCCTATAATCTCAGCACTTTGGGAGGCCAAGGTGGGTAGATCGCTTGAGCCCAGGGGTTCCCAGCTAGCCTGGGGAACCTAGTGAGACTCATCTCTACAAAAAGTACAAAAATTAGCCAGGTGTGGTGGTGCGCGCCTGTGGTCCCAGCTACTAGGGAGGCTGAGGCCGGAGGATTACTTGAGCCACAGGAGGCTGAGGCTGCAGTGAGCTATGATTGCACCACTGCACTCCAGCCCGGGCGACAGAGCAAGGCGCTATCTCAACACAAAAATCAGGAAAAA","GGCTGGGCACAGTGGCTCATGCCTATAATCTCAGCACTTTGGGAGGCCAAGGTGGGTGGATCGCTTGAGCCCAGGGGTTCCCAGCTAGCCTGGGGAACCTAGTGAGACTCATCTCTACAAAAAGCACAAAAATTAGCCAGGTGTGGTGGTGCGCACCTGTGGTCCCAGCTACTAGGGAGGCTGAGGCTGGAGGATTACTTGAGCCCAGGAGGCTGAGGCTGCAGTGAGCTATGATTGCACCACTGCACTCCAGCCTGGGCGACAGAGCAAGGCGCTGTCTCAACACAAAAAACAACAAAAAACAGGAAAAA"
"chr1","5853557","5853805","chr1","6140719","6140967","5","287162","CTGGGCATGGTGGCTCAATGCCTATAATCCCCATGCTTTGGGAGGCTGAGGCAGGAGGATCGCTTGAGCCCAGAAGTATAAGACCAGCCTGGGCAACATACGGAGACTCCATCTCTACAAAAAATTTAGAACTTAGCTGAGTGTGGTGGTGTGTACCTGTAGTCCCAGCTCCCGGGAGGTCAAGGCTGCAGTGAGCTATGATCAATCACTGCACTCTAGCCTGGGTGACAGAGCAAGACCCTGTCTCAA","CTGGGCATGGTGGCTCAATGCCTATAATCCCCATGCTTTGGGAGGCTGAGGCAGGAGGATCACTTGAGCCCAGAAGTACAAGACCAGCCTGAGCAACATACGGAGAATCCATCTCTACAAAAAATTTAGAACTTAGCTGAGTGTGGTGGTGTGTACCTGTAGTCCCAGCTCCCGGGAGGTCAAGGCTGCAGTGAGCTATGATCAATCACTGCACTCTAGCCTGGGTGACAGAGCGAGACCCTGTCTCAA"
"chr1","5855917","5856202","chr1","6143057","6143332","16","287140","GGCCGGGCGTAGTGGCTCATGCCTGTAATCCCAGCACTGTGGGAGGCCGGGGTGGGAGGACCGCTTGAACCCAGAAGTTTGAGGCAACGTAGTGAGATCCCACCTCTTCAAAAAATTAAAAAATTAGCCAGGCACGGTGGTGTGCCTGTGGTCCCAGCTACTAGGGAGGCTGAGGTAGGAGAATCCCTTGAGCCCAGGAAATTGAGGCTGCAGTGAGCCATGATCGTGCCACTGCACTCCAGCCTGGGCAACAGAGACTCTCTCTCAAAAAAAAAAAAAAAGTAAA","GGCCGGGCATGGTGGCTCATGCCTGTAATCCCAGCACTGTGGGAGGCCGGGGTGGGAGGACCGCTTGAACCCAGAAGTTTGAGGCAACGTAGTGAGATCCCACCTCTACAAAAAATTAGCCAGGCACGGTGGTGTGCCTGTGGTCCCAGCTACTAGGGAGGCTGAGGTAGGAGAATCCCTTGAGCCCAGGAAATTGAGGCTGCAGTGAGCCATGATTGTGCCACTGCACTCCAGCCTGGGCAACAAAGACTCTGTCTCAAAAAAAAAAAAAGTAAA"
"chr1","5915953","5916064","chr1","6204379","6204490","2","288426","GGCCAGGCAAGGCGGCTCACGTCTGTAATCCCAGCAACTTTGGAAGGCCAAGGCAGGCAGAATGCTTGAGCCCAGGAGTTGGAGACCAGCCTGGGCAACACGGCAAAACCCC","GGCCAGGCAAGGCGGCTCACGTCTGTAATCCCAGCAACTTTGGAAGGCCAAGGCAGGCAGAATGCTTGAGCCCAGGAGTTGGAGACCAGCCTGGGTAACACAGCAAAACCCC"
"chr1","5939443","5939706","chr1","6227886","6228151","7","288443","GGTTGGGCATGGTGGATCATGCCTGTAATCCCAGCATTTTGAGAGGCTGTGGTGAGAGGACTGCTTGAGCCCAGGAGTTCAAAATCTGCCTGGGCAACACTAAGACCCCATCTCTACAAAAAACAAAAAGTTAGCTGGGCATGGTGGTGCACACTTATAGTCCCAGCTACTCAGGAGACAAAAGCAGGTCTGCTGGAACCCAGGAGTTTTGACACTAGCTTGGGCAACACAGCGAGATCTCATCTTTAATACACAAATAAATAA","GGTTGGGCATGGTGGATCATGCCTGTAATCCCAGCATTTTGAGAGGCTGCAGTGAGAGGACTGCTTGAGCCCAGGAGTTCAAAATCTGCCTGGGCAACACTAAGACCCCATCTCTACAAAAAACAAAAAGTTAGCTGGGCATGGTGGTGCACACTTATAGTCCCAGCTACTCAGGAGACAAAAGCAGAAGGTCTGCTGGAACCCAGGAGTTTGAGACTAGCTTGGGCAACACAGCGAGATCTCATCTTTAATACACAAATAAATAA"
"chr1","6007663","6007978","chr1","6295907","6296192","32","288244","GGCCTGGCTCAGTAGCACGACTGTAATCCCAGCACTTTGGGAGGTGAGGTGGGCAGATCGTTTCAGTCCAGGAGTTCGAGGCCAGCCTGGGCAACATAGCGAGACCCCATCTGCAAAAAAAACAACAAGCGAGACCCCATCTACAACAATATTAGCCAGGTGTGGTAACATGTGCCTGTCATCCCAGCTACTTTGGAGGCTGAAGTAGGAGGATCACCTGAGCCGGGGGAGGTTGAGGCTGCGATGAGCTAAGATCACATCACTGTACTCCAGCCTGGGTGACAAAGTGAGACCCTGTCTCAAAAACAAAAATAAA","GGCCTGGCTCAGTAGCACGACTGTAATCCCAGCACTTTGGGAGGTGAGGTGGGCAGATCGTTTCAGTCCAGGAGTTCGAGGCCAGCCTGGGCAACATAGCAAGACCCCATCTACAACAATATTAGCCAGGTGTGGTAACATGTGCCTGTCATCCCAGCTACTTTGGAGGCTGAAGTAGGAGGATCACCTGAGCCTGGGGAGGTTGAGGCTGCGATGAGCTGAGATCACATCACTGTACTCCAGCCTGGGTGACAAAGTGAGACCCTGTCTCAAAAACAAAAATAAA"
"chr1","6008529","6008665","chr1","6296739","6296875","5","288210","GCCAGGAGCGGTGGCCTACTTTACTCTTGTAATCCCCGCACTTTGGGAGGCTGAAGCAGGAGGATCACTTGAGCTCAAGAGTTTGATAACAGCCTGGGCAATATAGCAAGACCCCATCTCTGCAAGAAAATAAAAAA","GTCAGGAGCGGTGGCCTACTTTACTCCTGTAATCCCCACACTTTGGGAGGCTGAAGCAGGAGGATCACTTGAGCTCAGGAGTTTGATACCAGCCTGGGCAATATAGCAAGACCCCATCTCTGCAAGAAAATAAAAAA"
"chr1","6120691","6120985","chr5","78878858","78879153","54","72758167","GGCCAGGCACAGTGGCTCATGCCTATAATCCCAGCTCTTTGGGAGGTCAAGGTGGGCAGATTGCTTGAGCCCAGGAGTTCAAGACTAGCCTGGGCAACATAGTGAGACCTGTCACTACTAAAAATAAAAAAGTCAGTTGGGCGTAGTGGCATGCACCTAGTATTCCCAGCTACTAAGGAGGCTAAGGCAGGAGGATTACTTGAGTCCGGGAGGTTGAGGTTGCAGTGAGCTGATCATGCCATACTACTTCAGCCTGGGCTACAGAGCGAGACCCTGTCTTGAAGAAAAGAAAAAA","GACTAGGCGTGGTGGCTCACGCCTATAATCCCAGCACTATGGGAGGCCGAGGAGGGAGGATTGCTTGAGCCCAGGAGTTCGAGACCAGCCTGGGCAACATAGCGAAACCCTGTCTCTACAAAAAATACAAAAATTAGCTGGGTGTGTTGGCACACACCTGTAGTCCCAGCTACTCAGGAGGCTGAGGCAGGAGGTTCACTTGAGCCCAGGAGCTTGAGGCTACAGTGAGTTGTGATCATGCCACTGCACTCCAGCCTGGGCAACAGAGCAAGATCCTGTTTCAGGAAAAAAAAAAA"
"chr1","6143839","6144107","chr3","136147087","136147357","65","130003248","GGCTGGACATGGTGGCTTATACCCAAAATCCCAACACTTTGGGAAGCCAAGGAGGCAGAAGGATCATTTTAGTCCAGATGCTCAAGACCAGCCTGGGCAACATAGAGAGACTCCATCTCTACAAAAACATTAAAAAAACCAGCAGGGCATGGTGGTGTGCACCTGCAGTCCCAGCTGCTTGGGAGGCTGAGGCAGGAGTGCTGCTTGAGGTCAGATGCAGTGAGCTGTGATCTCGCCACTGCACTCCAGCCTGGGTAACAGAGCAAGAC","GGCTGGGCATGGTGACTCATGCCTGTAATCCCGGCACTTTGGGAGGCCAAGGGAGGTGATCACTTGAGCCCAGGAGTAAAGACCAGCCTGGGCAACATAGTGAGACTCCGTCTCTACAAAAAATAAATTTAGCTGGGCATGGTGGTGCACATCTGTAGTCCTACCAACTTGGGAGGCTGAGGCAGGAGAATCGCTTGAGCCCCAGGCTTCGAGGCTGCAGTGAGCTATGATTACGACACTGCACTCCAGCCTAGGCGACAGAGCAAGACCC"
"chr1","6154755","6154891","chr1","6514041","6514177","1","359286","GGACAGGTATGGAGGTTCACGTCTACAGTCCCAGCACTTTGGGAAGCTGAGGCAGGAGGACTCCTTGACCCTAGAGTTCAAGACCAGACTGGACAACATGGCTGAGACCTTGTCTCTACAAAAAAAATTAAAAATTA","GGACAGGTATGGAGGTTCACGTCTACAGTCTCAGCACTTTGGGAAGCTGAGGCAGGAGGACTCCTTGACCCTAGAGTTCAAGACCAGACTGGACAACATGGCTGAGACCTTGTCTCTACAAAAAAAATTAAAAATTA"
"chr1","6200082","6200373","chr1","6558037","6558328","6","357955","GGCTCACATCTGTAATCTTAGCACTTTGGGAGGCCTAGCACTGTGAGAGGACTGCTTGAGCTCAAGAATTTGAGACCAGCTTAGGCAATGTAGTGAGACCCTGTCTCTATAAAAAATTTAAAAAATTAGCGGTAAGTGGTGGCATATGCCTGTAGTTCCAGCTAGTAAGGAGGCTAGGGCCTCACTGAGGCCCAAGCAAAGCTGCAGTGAGCTATGATTGTACCACTGGACTCCAGTATGAGCAAAAGAGGAAGACCCTGTCTCAGAAAAAAACAAAAACAAAAACAAAAAA","GGCTCACACCTATAATCTTAGCACTCTGGGAGGCCTAGCACTGTGAGAGGACTGCTTGAGCTCAAGAATTTGAGACCAGCTTGGGCAATGTAGTGAGACCCTGTCTCTATAAAAAATTTAAAAAATTAGCGGTAAGTGGTGGCATATGCCTGTAGTTCCAGCTAGTAAGGAGGCTAGGGCCTCACTGAGGCCCAAGCAAAGCTGCAGTGAGCTATGATTGTACCACTGGACTCCAGTATGAGCAAAAGAGGAAGACCCTGTCTCAGAAAAAAAACAAAAACAAAAACAAAAA"
"chr1","6214402","6214694","chr1","6572266","6572556","4","357864","GGGCACGGTGCCTCATGCCTGTAATCTCACCACTTTGGGAGGCCAAGGCAGGTGGATTGCTTGAGCCCAGGAGTTCAAGGCCAGTCTAGGCAACATAGTGAGACCTCTATCTCTACAAAAAATACAAAAATTAGCCAGGCATGGTGGCACATGCCTGTGGACCCAGCTACTTAGGAGTATGAGGTGGGAGGATTGCTTGAGCCTGGGAGACAGTGAGCCAACATTGCGCCACTGCACTCCAGCCTGAGTGTCAGAGTGAGACTGTGTCTCAAAAAAAAAAAAAAAAAAAAAAA","GGGCACGGTGCCTCATGCCTGTAATCTCACCACTTTGGGAGGCCAAGGCAGGTGGATTGCTTGAGCCCAGGAGTTCAAGGCCAGTCTAGGCAACATAGTGAGACCTCTATCTCTACAAAAAATACAAAAATTAGCCAGGCATGGTGGCACATGCCTGTGGACCCAGCTACTTAGGAGTATGAGGTGGGAGGATTGCTTGAGCCTGGGAGACAGTGAGACAACATTGCACCACTGCACTCCAGCCTGAGTGTCAGAGTGAGACTGTGTCTCAAAAAAAAAAAAAAAAAAAAA"
"chr1","6224985","6225116","chr1","6582838","6582969","4","357853","GGCTGGGCATGGTGGCTCACACCTATAATTCCAGCACTTTGGGAGGCCAGGATGGGTGGATCGATTGAGCCCAGGAATTTGAGACCAGCCTGGGCAACAGAGCAAAACCCTGTCTCCACTAAATGTAAAAAT","GGCTGGGCATGGTGGCTCACACCTATAATTCCAGCACTTTGGGAGGCCAGGGTGGGTGGATCGATTGAGCCCAGGAGTTTGAGACCAGCCTGGGCAACAGAGCAAAACCTTGTCTCCATTAAATGTAAAAAT"
"chr1","6232602","6232719","chr16","30463762","30463879","16","24231160","GGCTGGGTGTGGTGGCTCACACCTGCAATCCCAGTGCTTTGGGAGGCTGAAGAGGGAGGATCACTTGAGCCCAGGGGTTCAAGACCACCCTGAGCAATACAGGAAGACCTTGTCTCCA","GGCTGGGGGTGGTGGCTCACACCTGTAATCCCAGCACTTTCGGAGGCTGAGGTGGGAGGATCACTTGAGCCCAGGAGTTCAACACCAGCCTGGGCAATACAGTGAGACCTCATCTCTA"
"chr1","6253316","6253503","chr1","6610900","6611090","8","357584","CAGGCAAGATAGCTCAGGACTGTAAACTCTACAATTTGGGAGGCCTAGGCGGGAGGATCCCTTGAGCCCAGGAGTTCCAGAACAGCCTTGGCAACATAGGGAGACCCTGTCTTAAAAAAAAAATTAGGTCTGGCATGGTGGCTCACGCCTGTTAATCCCAGCACTTTGCGGGAGGCTGAGGCGGGTGG","CAGGCAAGATAGCTCAGGACTGTAAACTCTACAATTTGGGAGGCCTGGGTGGGAGGATCCCTTGAGCCCAGGAGTTCCAGAACAGCCTTGGCAACATACGGAGACCCTGTCTTAAAAAAAAAAAAATTAGGCCTGGCATGGTGGCTCACGCCTGTTAATCCCAGCACTTTGGGGGAGGCTGAGGCGGGTGG"
"chr1","6260849","6260970","chr1","6618434","6618555","2","357585","GCTGGGCACAGTGGCTCGTGCCTGTAAACCCAGCACTCTGGGAGACCAAGGCAGGAGGATCACTACCTCGAGACCAGCCTCGGCAACACAGTGAGACCTTGTCTCTACAAAAAATAAAATTA","GCTGGGCACAGTGGCTCGTGCCTGTAAACCCAGCACTCTGGGAGACCAAGGCAGGAGCATCACTACCTCGAGACCAGCCTCAGCAACACAGTGAGACCTTGTCTCTACAAAAAATAAAATTA"
"chr1","6263022","6263154","chr1","6620605","6620737","3","357583","GGCTGGGCACGGTGGCTCCACCAGTAATCCCAGCACTTTGGGAGGCCAAGGCGGGTGGATTGCTTGAGCTCAGGAGTTGGAGACCAGCCTGGGCAGCATGGCAAAGCCCTGTCACTGCAAAAATACAAAAAAA","GGCCGGGCACGGTGGCTCCACCAGTAATCCCGGCACTTTGGGAGGCCAAGGCAGGTGGATTGCTTGAGCTCAGGAGTTGGAGACCAGCCTGGGCAGCATGGCAAAGCCCTGTCACTGCAAAAATACAAAAAAA"
"chr1","6263470","6263640","chr1","6621050","6621215","8","357580","TAGTCGAGTGTGGTGGTGTGTGCCTGTAGTCCCAGCTATTTGGGAGGCTGAGGTGGGAGGATGGCTTGACTGCAGGAGTTTGAGGCTGCAATGAGGTATGATTGCACCACTGCACTCCAGCCAGGGTGACAGAATGAGACCCTGTCTTAGGAAAAAAAAAAAAAAAAAAAA","TAGTCGAGTGTGGTGGTGTGTGCCTGTAGTCCCAGCTATTTGGGAGGCTGAGGTGGGAGGATGGCTTGACTGCAGGAGTTTGAGGCTGCAGTGAGGTATGATTGCACCACTGCACTCCAGCCAGGGTGACAGAGTGAGACCCTGTCTTAGGGAAAAAAAAAAAAAA"
"chr1","6268461","6268757","chr1","6626027","6626323","3","357566","GCTGGGCGCGGTGGCTCAAGCCTGTCATCCCAGCACTTTGGGAGGCCGAGGCGGGAGGATCGCTTGAGCCTGGGAGTTCGAGACCTGCCTGGGCAACAGAAGGAGACCCTACCTCTACAAATAATTTAAAAAAATCAGCCAGGCAAGGTGGTGTGCCCCTGTAGTCCCAGCTGCTCGGGAGACTGAAGTAGGAGGATCGCTTGAACCCAGGTTCGAGGTTGCAGTGAGCTATAATCTTGCCACTGCACTCCAGCCTGGGTGACAGAGCGATACCTCATCTCAAAATAAGAAATAAAA","GCTGGGCGCGGTGGCTCAAGCCTGTCATCCCAGCACTTTGGGAGGCCGAGGCGGGAGGATCGCTTGAGCCTGGGAGTTCGAGACCTGCCTGGGCAACAGAAGGAGACCCTACCTCTACAAATAATTTAAAAAAATTAGCCAGGCAAGGTGGTGTGCCCCTGTAGTCCCAGCTGCTCGGGAGACTGAAGTAGGAGGATCGCTTGAACCCAGCTTCGAGGCTGCAGTGAGCTATAATCTTGCCACTGCACTCCAGCCTGGGTGACAGAGCGATACCTCATCTCAAAATAAGAAATAAAA"
"chr1","6281096","6281199","chr15","99752042","99752143","17","93470946","CTCACGCCTGTAATCCTAGCACTTCGGGAGGCCAAGACAGTAGAATCACTTGAGCCCAGGAGTTCGAGACTAGCCTGGGCAATATAGTGAAACCCCCATCTCTA","CTCACGCCTGTAATCCTGACACTTTGGGAGGCCAAGGCAGGAGGATGGCTTGAGCCCAAGAGTTCAAGACCAGCCTGGGCAATATAGTAAGATGCCATCTCT"
"chr1","6338785","6339048","chr13","60456731","60456995","51","54117946","GGCTGGGTGCCGTGGCTCATGCCTGTAATCCCAGCACTTTGGGAGGCTGAGATGGGCGGACTGCTTGAGCTCAGGAGTTTGAGACCAGCCTGGGCAACACAGTGAGAACCTGTCTCTACAAAAACTACAAAAATCAGCCGGCTGTGGTGGTGTGTGCCTGTAATACCAGCTACTCTGGTGGCTGAGGTGGGAGGATCACCTGAGCCGGGGAAGGTCGAGGCTGCTATGAGCCACGACTGCGCCACTGCACTCCAGCCTGGGTGA","GGCTGGGTGCGGTGACTCACACCTGTAATCTCAGCACTTTGGAGGATGGAGGTGGGTGGCTCGCTTGAACCCAGGAGTTTGAGACCAGCCTGGGCAACATAGGGAGACCCCATCTCTACAAAAAATACAAAAATTAGCCAAGCGTGGTGGTGTGTGCTTGTAGCCGCAGCTACTTGGGAGGCTGAGATGGCAGGATCTCTTGAGCCTGGGAGGTGGAGGCTACAGTGAACCACGATTGCGCCACTACACTCTGGCCCAGGTGACA"
"chr1","6363660","6363965","chr1","6721054","6721359","3","357394","CCGGGCGTGGTGGCCCATGCCTGTAATCCCAGCAATTTGGGTGGCCAAGGCAGGCGGATGGCTTGAGCCTAGGAGTTTGAGACCAGCCTGGCCAACATAGCAAGACCCTGTCTCCACACAAAATGCAAAAATTAGCCAGGCATGGAGGCATGTGCCTGTAGTCCCAGCTACTCAGGAGGCTGAGATGGGAGGATTGCTTGAGCCCAGGAGGTGGAGGCTGCAGTGAGCCAAGATCACACCATTGCACTCCAGCCTGACAGAGTGACAGAGACACTGTCTCAAAATAAAAAAATACAAAAAGATAAA","CCGGGCGTGGTGGCCCATGCCTGTAATCCCAGCAATTTGGGTGGCCAAGGCAGGCGGATGGCTTGAGCCTAGGAGTTTGAGACCAGCCTGGCCAACATAGCAAGACCTTGTCTCCACACAAAATGCAAAAATTAGCCAGGCGTGGAGGCATGTGCCTGTAGTCCCAGCTACTCAGGAGGCTGAGATGGGAGGATTGCTTGAGCCCAGGAGGTGGAGGCTACAGTGAGCCAAGATCACACCATTGCACTCCAGCCTGACAGAGTGACAGAGACACTGTCTCAAAATAAAAAAATACAAAAAGATAAA"
"chr1","6380835","6381125","chr1","6738311","6738600","4","357476","GTGGCTCACACCTGTAATCCCAGCACTTTGGGAGGCCAAGGTCAGAGGATCACTGGAGCCTAGGAGTTCAAGAGAAGCCAGTGCAACATACTGAGACCCGATCTCTGCAAAATAAATAAATTAGCCATCTATGATTGTGCACGCCTGTAGTCCCAGCTACTTGGGAGGCTGAGGCAAGAGGATTGCTTGAGCCCAGGAGTTTGAGGCTGTAGTGAGCTATGATCGCACCACCGCTCTCCAGCCAGGGCAACAGAGCTGGAGCCCATCTCTAAAATAAAATTTAAAAAAAAA","GTGGCTCACACCTGTAATCCCAGCACTTTGGGAGGCCAAGGTCAGAGGATCACTGGAGCCTAGGAGTTCAAGAGAAGCCAGTGCAACATACTGAGACCCGATCTCTGCAAAATAAATAAATTAGCCATCTATGATTGTGCATGCCTGTAGTCCCAGCTACTTGGGAGGCAGAGGCAAGAGGATTGCTTGAGCCCAGGAGTTTGAGGCTGTAGTGAGCTATGATCGCACCACTGCTCTCCAGCCAGGGCAACAGAGCTGGAGCCCATCTCTAAAATAAAATTTAAAAAAAA"
"chr1","6382825","6382952","chr1","6740403","6740530","1","357578","GGCCAGACATCGTGGCTCACACCTGCAATCCCAGCACTTTAGAAGGCCGAGGCAAGAAAATCACTTGAGCCTCAGAGTTCAAGACCAGCCTGGGCAATGATGTGGCAAGACCTCGTCTCTACAAAAAA","GGCCAGACATCGTGGCTCACACCTGCAATCCCAGCACTTTAGAAGGCCGAGGCAAGAAAATCACTTGAGCCTCAGAGTTCAAGACCAGCCTGGGCAATGATGTGGCAAGACCTTGTCTCTACAAAAAA"
"chr1","6396457","6396756","chr1","6753753","6754053","6","357296","CCAGGTGTGGTGGCTCATGCCTGTAATCCCAGAACTTTTGGAAGCTAAGGCGGGAGGATCGCTTGAGCTCAGGAATTTGAGACCAGCCTGGGCAACATAGCCAGACCTTGTCTCTACTTAAAATAAAAATATGAAAATTAGCCACGTGCAGTGGTGCAAGCCTGTAGTCCCAGTTACACAGGAGGCTGAGTCAGAAGGATTGCTTGAGTCCAAGGAGGTCGAGGCTGTGGTAAGCAGTGACTATACCATTGCATTCCAGCCTGGGAGACAGAGCAAGACCCTGTCTCAAAAAAAAAAAAA","GCTAGGTGTGGTGGCTCATGCCTGTAATCCCAGAACTTTTGGAAGCTAAGGCGGGAGGATCGCTTGAGCTCAGGAATTTGAGACCAGCCTGGGCAACATAGCCAGACCTTGTCTCTACTTAAAATAAAAATATGAAAATTAGCCACGGGCAGTGGTGCAAGCCTGTAGTCCCAGTTACACAGGAGGCTGAGTCAGAAGGATTGCTTGAGTCCAAGGAGGTTGAGGCTGTGGTAAGCAGTGACTATACCATTGCATTCCAGCCTGGGAGACAGAGCAAGGCCCTGTCGCAAAAAAAAAAAAA"
"chr1","6401983","6402300","chr3","123598451","123598759","62","117196468","GGCTGTGCCTAGTGGCTGATGCCTGTAATCTCAGCACTTTGGAGGCCAAGGCAAGAAGGTTGCTTGAGCCCAGATGTTCAAGACCAGCCTAGGCAATTTAACAACAATCTGTCTCTACAAAAAACAAAAAAAATTAGCCAGGTATCACGGCATATACCTGTAGTCCCAGCTACTCAGGAGGCTGAGGCAGGAGGATTGCTCGAGACTGGGAGGTTGAGGCTGCAGTGAGCCATGTTTGCACCACTGCACTCCAGCCTGGGTTACACAGTGAGACCCTGTCTCAAAAAAAAAAAAAAAAAAAAAAGAATAATAAAGTAA","CCAGGTGCAGTGGCTCATGCCTGTAATCCCAACACTTTGGGAGGCCAAGGAAGGAGGATCACTTGAGCCCAGGAGTTCAAGACCAGCTGGGCAACATACGGAGACTCTGTCTCTACAAAAAATTTAAAAATTAGCCAGATGTGGTGGTATGCACCTGTAGTCCCAGCTACTCAGGAGGCTGAGGCAGAAGGATTGCTTTAGCCTGGGAGTTCAAGGCTGCAGTGAGCTATGATTGCACTACTGTACTCCAGCCTGGGCAACAGAGTGAGATCCTGTCAAAAAAAAAAGAAAAAGAAAAGAAAAGAAAAA"
"chr1","6408389","6408483","chr1","6763017","6763111","5","354628","AACACTTAAGGCCGAGGTGGGAAGATTGCTTGAGCCCAGGAGTTCGAGACCAATCTAGGCAACAGACTGAGAATCCCCATCTCTATTTTAAAAAA","AACACTTAAGGCCAAGGTGGGAAGATTGCTTGAGCTCAGGAGTTCGAGACCAACTTAGGCAACAGACTGAGAATCCCCATCTCTATTGTAAAAAA"
"chr1","6445274","6445580","chr1","6800123","6800429","4","354849","GGCCGGGTGCTGTGGCTCGGTGCCTATAATCTCAGCACTTTGGGAGGCCGAGACAGGAGGATTGCTTTAGCCCTGGAGTTCGAGACCAGCCTGGGCAACATAGTGAGACCTTGTCTCTACTAAAAATAGAAAAAATTAGCCAGATGTGTTGGTGTGCGCCTGTGATCCCAGGTACCTGGGAGGCTGAGGTTGAAGGATTACTTGAGCCCTTGAGGTCAAGGCTGCAGTGAGCTACAATCACGCCACTGCACTCCAGTCTGGATGACAGAGTGAGATCCTGTCTCAAAACAAACAAAATGTAAAAAAA","GGCCGGGTGCTGTGGCTCGGTGCCTATAATCTAAGCACTTTGGGAGGCCGAGACGGGAGGATTGCTTTAGCCCTGGAGTTCGAGACCAGCCTGGGCAACATAGTGAGACCTTGTCTCTACTAAAAATAGAAAAAATTAGCCAGATGTGTTGGTGTGCGCCTGTGATCCCAGGTACCTGGGAGGCTGAGGTTGGAGGATTACTTGAGCCCTTGAGGTCAAGGCTGCAGTGAGCTACGATCACGCCACTGCACTCCAGTCTGGATGACAGAGTGAGATCCTGTCTCAAAACAAACAAAATGTAAAAAAA"
"chr1","6449893","6450009","chr1","6804738","6804854","0","354845","GGCCAGGTGTAGTGGTTTACACCTGTAATCCCAGCACTTGGGAGTCCGAGGCAGAAGGATCACTTGAGCCCAGGAGTTCAAGACCAGCCTGGCAACATGGCGAGACCCCCATCTCTA","GGCCAGGTGTAGTGGTTTACACCTGTAATCCCAGCACTTGGGAGTCCGAGGCAGAAGGATCACTTGAGCCCAGGAGTTCAAGACCAGCCTGGCAACATGGCGAGACCCCCATCTCTA"
"chr1","6507850","6507974","chr1","6864980","6865104","3","357130","GGCTGGGCATGGTGGCTCACACCTGTAATTCTAGCACTTTGGGAGGCCAAGGAGGGAGGATTGCTTGAGCCCAGAAGTTTCAGACCAGCCTGGGCCACATAGTGAGACCCCATTTCTATTAAAAA","GGCTGGGCACGGTGGCTCACACCTGTAATTCTAGCACTTTGGGAGGCCAAGGAGGGAAGACTGCTTGAGCCCAGAAGTTTCAGACCAGCCTGGGCCACATAGTGAGACCCCATTTCTATTAAAAA"
"chr1","6522452","6522772","chr1","6879601","6879926","14","357149","GGCCAGGCATGGTGGCTTATACCTGCAATCCCATCACTTTGGGAGGCCAAGGCAGGAGGAACACTTGAGCCCAGGAGTTCGAGATCAGCCTGGGCAACAGAGACTCCGTCTCTACAAAGCCAAAAAAAAAAAAATTAGGCGCAGCAGCAAAGGTAGTCCCAGCTACTCGGGAGGTTGAGGCAGGAGGCCTGCTTGAGCCTAGGAGTTCAAGGTTGCAGCAAGCCATGATTATGCCACTGCACTCCAGTGGGCGGGTTCTTCATCTGGGTGACAGAGCAAGAACCTTGCCTCAAAAAAAAAAAAAAGAAAAAAGGAAAAGAA","GGCCAGGCATGGTGGCTTATACCTGTAATCCCATCACTTTGGGAGGCCAAGGCAGGAGGAACACTTGAGCCCAGGAGTTCGAGATCAGCCTGGGCAACAGAGACTCCGTCTCTACAAAGCCAAAAAAAAAAAAAAAAAATTAGGCGCAGCAGCAAAGGTAGTCCCAGCTACTCGGGAGGTTGAGGCAGGAGGCCTGCTTGGGCCTAGGAGTTCAAGGTTGCAGCAAGCCATGATTATGCCACTGCACTCCAGTGGGCGGGTTCTTCATCTGGGTGACAGAGCAAGAACCTTGTCTCAAAAAAAAAAAAAAAAAGAAAAAAGGAAAA"
"chr1","6569641","6569956","chr1","6926720","6927039","7","357079","GGCCAGGTGCAGTGGCTCATTACTAGCACTTTGGGAGACCTAGCACTTTGGGAGACCAAAGCAGGAGGATTGCTTGAGCCCAGGAGTCTGAGACCAGCCTGGGCAACAAAGCAAGACCTCATCTCTACAAAATTTTAAAGAGTTAGCTGGGCATGGTGGCAGGTGCGTGTAGTCCCAGCTACTTTGGAGGTTGAGGTCGGAGGATCATTTGAGCCCAAGAGATGAAGGCTGCAGCGAGCTGCAATCGAGCCAATGCACTCCAGCCTGGGTGACAGAGCCAGATCTTGTTTCAAAAAAAAAAAAGAAAGAAAGAAAA","GGCCAGGTGCAGTGGCTCATTACTAGCACTTTGGGAGACCTAGCACTTTGGGAGACCAAAGCAGGAGGATTGCTTGAGCCCAGGAGTCTGAGACCAGCCTGGGCAACAAAGCAAGACCTCATCTCTACAAAATTTTAAAGAGTTAGCTGGGCATGGTGGCAGGTGCATGTAGTCCCAGCTACTTTGGAGGTTGAGGTCGGAGGATCATTTGAGCCCAAGAGATCAAGGCTGCAGTGAGCTGCAATCGAGCCAATGCACTCCAGCCTGGGTGACAGAGCCAGATCTTGTTTCAAAAAAAAAAAAGAAAGAAAGAAAGAAAA"
"chr1","6636506","6636782","chr1","6981738","6982013","3","345232","TTATGCCTGTAATCCCAGCACTTTGGGAGGCTGAGGCAGGAGGATCACTGGAGCCCAGGAGTTTAAGAGAGGCCTGGGCAACATAGCAAGACTCTGCCTCTACAAAACAATTTAAAAATTAGTGGGGCATGGTGGTGTGCACCTGTTATCCTGGCTACTTGGAAGGCTGAGGCACAAAGATCACTTGAGCCCAGGAGTCAGCACTGCAGCAAACTGTGATTGCACCACTGCACTCCAGCCTGGGCAACAGAGCAAGATTCTGTCTCAGAAATAATAA","TTATGCCTGTAATCCCAGCACTTTGGGAGGCTGAGGCAGGAGGATCACTGGAGCCCAGGAGTTTAAGAGAGGCCTGGGCAACATAGCAAGACTCTGCCTCTACAAAACAATTTAAAAATTAGTGGGGCATGGTGGTGTGCACCTGTTATCCTAGCTACTTGGAAGGCTGAGGCACAAAGATCACTTGAGCCCAGGAGTCAGCACTGCAGCAAGCTGTGATTGCACCACTGCACTCCAGCCTGGCAACAGAGCAAGATTCTGTCTCAGAAATAATAA"
"chr1","6680671","6680965","chr1","7025849","7026143","4","345178","GCTCATGCCTGTAATCTCAGCACTTCGGGAGGCTGAGGTGAGCAGATTGCTTGAGCCCAGGAGTTAGAGACCAGCCTGGGCAACAACATGGCAAGACCCTGTCTCTACAGAAAATACAAAAGTTAGCTGAGTGTGATGGCAGATGCCTGTGGTCCCAGGTACTTGGGAGGCTGAGGCAGGAGGATTGCTTGAGCCCAGAAGATGGAGGCTGCAGTGAGTTGTGATTGTACCACTGCACTCAAACCTGGGCAACAGAGCGAGACCCTGCCTTAAAAAAAAAAAAAAGAAACAAAAA","GCTCATGCCTGTAATCTCAACACTTCGGGAGGCTGAGGTGAGCAGATTGCTTGAGCCTAGGAGTTAGAGACCAGCCTGGGCAACAACATGGCAAGACCCTGTCTCTACAGAAAATACAAAAGTTAGCTGAGTGTGATGGCGGATGCCTGTGGTCCCAGGTACTTGGGAGGCTGAGGCAGGAGGATTGCTTGAGCCCGGAAGATGGAGGCTGCAGTGAGTTGTGATTGTACCACTGCACTCAAACCTGGGCAACAGAGCGAGACCCTGCCTTAAAAAAAAAAAAAAGAAACAAAAA"
"chr1","6712910","6713220","chr1","7059336","7059646","5","346426","GGCGGGGCATGGTGGCTCACGCCTATAATCTCAGCACTTTGGGAGGCCAAGGCAGGAGGATTACTTGATCCCAGAAGTTTGAGGCCAGCCTGGGCGATATACCGGGACCCCATCTCTACAAAAGATTTTTAAAAATTAGCTGGGCACAACGATGCACACCTGTAGTCCCAGCTACTTGGGAGGCTGGGGCAGGAGGATCGCTTGAGCACAGGAGGTCGAGGCTGCAGTGAACTATGATCATGCCACTGCACTCCAGCCTGGGTGACAGAGCAAGACCCTGTCTCAAAACAAAACAAAACAAATGAACAAAA","GGCGGGGCATGGTGGCTCACGCCTATAATCTCAGCACTTTGGGAGGCCAAGGCAGGAGGATCACTTGATCCCAGAAGTTTGAGGCCAGCCTGGACGATATACCGGGACCCCATCTCTACAAAAGATTTTTAAAAATTAGCTGGGCACAACGATGCACACCTGTAGTCCCAGCTACTTGGGAGGCTGGGGCAGGAGGATCGCTTGAGCACAGGAGGTCGAGGCTGCAGTGAACTATGATCATGCCACTGCACTCCAGCCTGGGCGACACAGCAAGACCCTGTCTCAAAACAAAACAAAAAAAATGAACAAAA"
"chr1","6782672","6782768","chr1","7132564","7132660","0","349892","GGCCAGGGTTGGTGGCTCCTGCCTGTAATCCCAGCACTTTGGGAGGCTGAGGCTGGTGGATTGCTTGAACCTGGGAATTTGCAACCACCCTGGGCAA","GGCCAGGGTTGGTGGCTCCTGCCTGTAATCCCAGCACTTTGGGAGGCTGAGGCTGGTGGATTGCTTGAACCTGGGAATTTGCAACCACCCTGGGCAA"
"chr1","6789027","6789123","chr1","7132564","7132660","0","343537","GGCCAGGGTTGGTGGCTCCTGCCTGTAATCCCAGCACTTTGGGAGGCTGAGGCTGGTGGATTGCTTGAACCTGGGAATTTGCAACCACCCTGGGCAA","GGCCAGGGTTGGTGGCTCCTGCCTGTAATCCCAGCACTTTGGGAGGCTGAGGCTGGTGGATTGCTTGAACCTGGGAATTTGCAACCACCCTGGGCAA"
"chr1","7324078","7324381","chr6","131563007","131563300","60","124238929","GGCCAGGTGTGGTGGCTCATGCCAGCACTTTGGGAGGCTGGGGAGGGTGGATCACTTGAGCCCAGGAGTTTGAGACCAGCCTTGGCAAAACAGCGAGACCCAGTCTCTACAAAAAATAAAAACATTAGTCTGGTGTGGTGGTGGGCACCTGTAATCCCAGCTACATGGGAGGCGGAGGCAGGAGGATCACCTGAGCCCAGGGAGGTCGAGGCTACAGTGAGCTGTGATCCGGCCACTGCACTCCAGCCTGGGTGGCAGAGTGAGGCCCTGTCTCAAAAAAAGAAGGGGAAAAAAATAATAACAA","GGCCGGGTGTGGTGGCTCATGCCTGTACATTTTGGGAGGCTGAGGTGGGTGGATCGCTTGAGCCCAGGAGTTTGAGAACAGCCTGGGCAACATGGCGAGACCCCATCTCTAAAAAAATACAATAATTAGCTGGGCATGGTGGCACATGCCTGTAGTTCCAGCTACTTGGGAGGCTGAGACAGGAGAATCACCTGAGCCCAGGGAGGTTGAGCCTTCAGTAAGCTGTAATTGGATCACTGCACTCCCAGCTGGGTGACAGAACGAGACCCTGTCTCAAAAAAAAAAAAAAATAAA"
"chr1","7408206","7408335","chr1","7736075","7736204","4","327869","GGCTGGGCCTGCTGGCTCATGCCTGAAATCCTAGCACTTTGGGAGGCCGAGGTGGGAGGATTGCTCAGGAGTTTGAGACCAGCCTGGGCAACATGGTGAGACCCCGTCTCTACAAAAAGTACAAAATTTA","GGCTGGGCATGCTGGATCATGCCTGAAATCCTAGCACTTTGGGAGGCCGAGGTGGGAGGATTGCTCGGGAGTTTGAGACCAGCCTGGGCAACATGGTGAGACCCTGTCTCTACAAAAAGTACAAAATTTA"
"chr1","7524998","7525104","chr10","68941538","68941645","18","61416540","TAATAATAATAATAATAATAATGGCCAGATGTGGTGGCTCACACCTGTAATCCCAGCACTTTGGGAGGCTGAGGCAGGTGGATCACTTAAGGCCAGGAGGTCAAGAC","TAATAATAATAATAATACAAAAAGGCCAGGTGCAGTGGCTCACACCTATAATCCCAGTACTTTGGGAGTCCAAGGTAGGAGGATCACTTGAGCCCCAGAGTTCAAGAC"
"chr1","7525387","7525517","chr1","7855999","7856129","1","330612","GCCAGGTGTGGAGGCTCACACCTGGAATCCCAGCACTTCCGGGGGCCGAGGCAGGAGAATCTCTGGAGCCCAGGAGTTTGAGACCAGCCTGGGCAACATAGCAAGACCCTGTCTGTACAAAAAATAAAAAA","GCCAGGTGTGGAGGCTCACACCTGGAATCCCAGCACTTCCGGGGGCCGAGGCAGGAGAATCTCTGGAGCCCAGGAGTTTGAGGCCAGCCTGGGCAACATAGCAAGACCCTGTCTGTACAAAAAATAAAAAA"
"chr1","7579018","7579310","chr1","7910714","7911006","7","331696","CCGAGGTGGGAGGATCGCTTGAGCCCAGGCATTCACGACCACCCTGGGCAAGTTAATGAGGGTTAATGAGGCCTATGTCACCACAGAATATAATTAAAAACAATTAGCCTGGCGTAGTGGCTCACGCCTGTAGTCCCAGCTACTTGGGAGGCTGAGGCAAGAGGATGACTTGAGCCCAGGAGGTTGAGGCTGCCAACAGGTTGAGTGAACCATGATTGTGCCACTGCACTCCAGCCTGGGAGACAGAGCAAGTCCCTGTCTGAAAAAAATCCCAAAAACAAACAAACAAAAAA","CCGAGATGGGAGGATCGCTTGAGCCCAGGCATTCACGACTAGCCTGGGCAAGTTAATGAGGGTTAATGAGGCCTATGTCACCACAGAATATAATTTAAAAAAATTAGCCTGGCGTAGTGGCTCACGCCTGTAGTCCCAGCTACTTGGGAGGCTGAGGCAGGAGGATCACTTGAGCCCAGGAGGTTGAGGCTGCCAACAGGTTGAGTGAACCATGATTGTGCCACTGCACTCCAGCCTGGGAGACAGAGCAAGTCCCTGTCTGAAAAAAATCCCAAAAACAAACAAACAAAAAA"
"chr1","7587157","7587290","chr7","99363302","99363437","28","91776145","GCGCGGTAGCTCATGTCTGCAATTCCAGCACTTTGGAAGGCTGAGGTGGGAGGATCACTTGAGCTCAGGAGTTCAAGACCACCCTGGGCAACATAATGAAACCTCAGAAACCTCACCTCTGCTAAAAATAAAAA","GAGCGTGGTGGCTTATGCCTGTAATCCCAGCATTTTGGGAGACTGAGGCAGGAGGATCACTTGAGCCCAGGAGTTCAAGACCAGCTTGGGCAACATAATGAGACCCGCATCCCAGCTCTATTTAAAAAATAAAGAA"
"chr1","7601268","7601554","chr1","7930501","7930787","4","329233","TAAGTCCAGCACTTTGGGAAACCGAGGTGGGAGGATCGCTTGAGCCCAAGAGTTTAAGACTGGCCTGGACAACACAGTGAATCCCAGTCTCTACAAAAACACTAAAAATCAATTAAAAATTAGCTGAGTGTGGTGGTATGCACCTATAGTCCCAGCTATTTAGTAGGCTGAGGCAGGAGGATTGCTCGAGCTCTGGAGTTCGAGGCTACAGTGAGCTGTGATCGCACCATTGCACTTCAGCCTGGGTAACACAGTGAAACTCTGTCTCAAAAAAACGAAAGACAAAA","TAAGTCCAGCACTTTGGGAAACCGAGGTGGGAGGATCGCTTGAGCCCAGGAGTTTAAGACTGGCCTGGACAACACCGTGAATCCCAGTCTCTACAAAAACACTAAAAATCAATTAAAAATTAGCTGAGTGTGGTGGTATGCACCTATAGTCCCAGCTATTTAGTAGGCTGAGGCAGGAGGATTGCTCGAGCTCTGGAGTTCGAGGCTACAGTGAGCTGTGATCGCACCATTGCACTTCAGCCTGGGTGACACAGTGAAACTCTGTCTCAAAAAAACAAAAGACAAAA"
"chr1","7622857","7622995","chr1","7953587","7953725","2","330730","GGCTGGGGGCGGTGGCTCATGCCTGTGATCCGAAAACTTTGGGAGGCCAAGGCGGGAGGATCGCTTGAGCCCAGGGGTTCAATATAAGCCTCGGCAACATAGCAAGACCCCGTCTCTACTTCTCAGAAAGAAAACAAAA","GGCTGGGGGCGGTGGCTCATGCCTGTGATCCGAAAACTTTGTGAGGCCAAGGCGGGAGGATCGCTTGAGCCCAGGGGTTCAATATAAGCCTTGGCAACATAGCAAGACCCCGTCTCTACTTCTCAGAAAGAAAACAAAA"
"chr1","7702877","7703094","chr4","153462726","153462917","71","145759849","GTTTTTCTAAACANNNNNNNNNNTATATATGTTTTTCTAAACAGTAGTGGGACATGGTGGCACACCATGTAGGCCACACCTGTGGCCCCAACTACTCTGGAGGCTGAGGCGGGAGGATCGCTAGAGCCCAGGATCAAGGCTGCAGTGAGTGTTTGCACTGCTGCACTCCAGCCTGGGCACAGAGTGAGACTCTGGCTCAAAAAATAAAAATAATAAAA","CAAAAATTTTTTTAAAGAGCCGAGCATGGTGGCACACACCTGTAGTCTGTATTCCCAGCTACTCAGGAGGCTGAGGTGGGAGGATTGCTTGAGCCTAGGAGTTCAAGGCTTCAGTGAGCCAAGATTGCACCACTGCACTCCAGCCTAGGTGACTGAGTGAGACCCTGTCTCCAAAAAAAAAAGAAAAGAAAA"
"chr1","7703132","7703267","chr3","142348802","142348939","24","134645670","GCCGAGCACGGTGGCTCACACCTGTAATCCCAGCACTTTGGGAGGCCAAGGCAGAAGTATCCCTTAAGCCCAAGAATTCGAGACCAGCCTGGGAGACATGGCAAGATGCCATCTCTACAAAAAAAAAAAAAAAAAA","GGCTGGGCACAGTGGCTCATGCCTGTAATCCCAGCACTTTGGGAGGCCAAGGCAGGAGGAACACTTAAGCCCAGGAGTTCGACACCAGCCTGGGCAACATAATAAGATCCCTGTCTCTACAAAAAAAATAAAAAATAG"
"chr1","7722336","7722628","chr1","8054282","8054568","9","331946","GGCCAGGCATGATGGCTCACACCTGTAGTTCCAGCATTTTGGGAGGCTGAGGCAGGTGAATTGCTAGAGCTCAGGAGTTTGAGACCAGCCTGGGCAACATGGCAAAATGCAAAATGTCATCTCTACCAAAAATACAAAAATTAGGTGGGTATGGTGGCACGCCAGTGGTCACAGCTACTCTGGAGGCTAAGGTGGGAGGATCACTTGAGCACAAGAAGCTGAGATCACGTCACTGCACTCCAGCCTGAGCAACGGAGTGAGACTCTGCCAAGAAAAAAAAAAAAAGAAAGAAA","GCCAGGCACGATGGCTCACACCTGTAGTTCCAGCATTTTGGGAGGCTGAGGCAGGTGAATTGCTAGAGCTCAGGAGTTTGAGACCAGCCTGGGCAACATGGCAAAATGCAAAATGTCATCTCTACCAAAAATACAAAAATTAGGTGGGTATGGTGGCACGCCAGTGGTCACAGCTACTTTGGAGGCTAAGGTGGGAGGATCACTTGAGCACAAGAAGCTGAGATCACGTCACTGCACTCCAGCCTGAGCAACAGAGTGAGACTCTGCCAAGAAAAAAAAAAAAGAAA"
"chr1","7730662","7730942","chr17","78230104","78230388","61","70499442","GCCAGGCACAGTGGCTCATGCCTATAATCCCAGCACTTTGGGAGGCTGAGACACAAGGATCACTTGAGCCCACAAGTTGGAGACCAGCCTGGGCAACATAGTGAGACCCTGTCTCTACAAAAAAAAAAAAAAAAAAACTTAAAAAAATAGCTAGGCATGGTGGCACACGCCTGAGGTCCCAGCACTTTGGGCAGCTCAGGAGAGAGGGTCACTTGAGGACAGGAGTTTGAGACCAGCCTAAGCAACATAGCAAGACCCCATCTCTATGAAATAAAAATAAA","GCTGGGCACAGTGGCTCACGCCTATAATCCCAGCACTTTGGGAAGCCGAGGCAGGAGGATCACTTGAACCCAGGAGTTCGAGACCAGCCTGGGCAACATAGGGAGACCCCTGCCCTCCCTGTCTCTGAAAAAAAAAAAAAAAAAAAAAGAAAGGAGAGGCTGGGCTTGGTGGCTCACACCTGTAATCCCAGCACTTTGGGAAGCCCAGGCAGGAGGATCACTTGAACCCTGGAGTTTGAGTCCAGCCTGGGCAACATAGGGAGACCTTGTCTCTAAAAAAATAAA"
"chr1","7819863","7820052","chr1","8150434","8150623","3","330571","GGCTGGTCATGGTGGCTCACACCTGTAATTCCAGCACTTCGGGAGGCCGAGGTGGGCAGACCACTTGAGCCCAGGAGTTCGAAACCAGCCTGGGCAACATAGTGAGACCCCTGTCTCTACAAAAAAAAAAATAAAATAAACAAAGTTAGCCAGACATGGTGTTGCATGCCTATGGTCCCAGCTACTGGGA","GGCTGGTCATGGTGGCTCGCACCTGTAATTCCAGCACTTCGGGAGGCCGAGGTGGGCAGATCACTTGAGCCCAGGAGTTCGAAACCAGCCTGGGCAACATAGTGAGACCCCTGTCTCTACAAAAAATAAAATAAAATAAACAAAGTTAGCCAGACATGGTGTTGCATGCCTATGGTCCCAGCTACTGGGA"
"chr1","7844719","7845006","chr1","8175365","8175652","3","330646","GTGGCTCCCACCTATAATCCCAGGACTTTGGGAGGCTGAGGCAGATGGATCTCTTGAGCCCAGGAGTTTGAGACCAGCCTGGGTAACATAGAGTGACCCTGTCTCTAGAAAAAAATACAAAAAACTTGTCTGAGTGTGGTGGCGCGTGCCTGTAGTCCCAGCTAACTCAGGAGGCTGAGGTGGGAGGGTCACCTGAGCCCAGGAGGTCGAGGCATGGTGGGGCCACTGCACTTCAGCCTGGACAATAGAGCAAGACCTTACCTCAGAACAACCCAAACAAACAAAAAA","GTGGCTCCCACCTATAATCCCAGGACTTTGGGAGGCTGAGGCAGATGGATCTCTTGAGCCCAGGAGTTTGAGACCAGCCTGGGTAACATAGAGTGACCCTGTCTCTAGAAAAAAATACAAAAAACTTGTCTGAGTGTGGTGGCGTGTGCCTGTAGTCCCAGCTAACTCAGGAGGCTGAGGTGGGAGGATCACCTGAGCCCAGGAGGTCGAGGCATGGTGGGGCCACTGCACTTCAGCCTGGACAATAGAGCAAGACCTTACCTCAGAACAACCCAAACAAACGAAAAA"
"chr1","7875235","7875373","chr19","18405380","18405514","27","10530145","GGCTAGGCCCGGTAGCTTATGCCTGAAATGCCAGAACTTTGGAAGGCTGAGGTGGGAGGATCCCTTGAGCTCAGGAGTTTGATATCAGCCTGGGCAACAGAAGGAGACTCTGTCTCTACCAACTGAAAAAAAACAAAAA","GCCAGGCGTGATGGCTCATGCCTGTAATCCCAGCACTTTGGGAGGCCGAGTTGGGAGGATCGCTTGAGCCCAGGAGTTCAAGACCAGCCTGGGCAACATAGTGAGACTCTGTCTCTACAAAAAAAAAAAAAAAAA"
"chr1","7892045","7892303","chr12","96137801","96138059","44","88245756","GGCTGGGTGCAGTGGCTCACGCCTGTAATCCCAGCACTTTGGGAGGTTGAGGCAAGAGGATCATTTGAGCCCAGGAGCTCGAGATCAGCCTGGGAAACATAGTGAGACCCTGTCTCTACGAAAAATAAAAAAATTAGCTGGGCATGTTAGTGCATGTCTGCAGTTCCAGCTACTCAGGAGGCTGAGGCAGGAGGATTGCTTGAGCCCAGGAGTTTGAGGCTGCAGGGAGCCATGATCGCGCCACGGCATTCCAGCTTGG","GGCTGGGTGCAGTGGCTCATGCTTGTAATCCCAGCACTTTGGGAGGTCAAGGCAGGAGGATGGCTTGAGCCCAGGAATTTGAGATCAGCCTGGACAACATGGTGAGACCCTGTCTCTACAAAAAATAAAAAATGAGCTGGGCGTGGTGGTGCATGTCTGTAGTCTCAGCTACTCAGGAGGCTGAGGCTTAAGGGTAGCTTGAGCCCAGTATTTAAAGCTGCAGTGAGCTATGATTGTGCCACTGTTCTCCAGCCCGGGC"
"chr1","7892682","7892970","chr1","8221224","8221487","27","328542","GGCTGGGCGTGGGGCTCATGCCTGTGATCCTAGCACTCTGGGAGGTGAAGGCAGGAGGATGGCTTCCCCCAGCCTGGGAAATAGAGTGAGACCCTGTCTCTCCAAAAAATTAAAAAATCAGCTGGGCGTGGTTACGTGCACCTGTAGCTCCAGCCACTTAGGAGGCTGAGGCAGGAGGATCACTTGAGCCCGGGAGTTCGAGGCTGCAGTGAGCTGAGAATGCACCACTGCACTGCAGCCTGGGCGACAGAGTGAGACCCTGTCTCTAAATAAATAAACAAACAAATAA","GGCTGGGCGTGGGACTCATGCCTGTGATCCTAGCACTCTGGGAGGTGAAGGCAGGAGGATGGCTTCCCCCAGCCTGGGAAATAGAGTGAGACCCTGTCTCTCCAAAAAATTAAAAAATCAGCTGGGCATGGTTACGTGCACCTGTAGCTCCAGCCACTTAGGAGGCTGACAGGAGGATCACTTGAGCCCGGGAGTTCGAGGCTGCAGTGAGCTGAGAATGCACCACTGCACTGCAGCCTGGGCGACAGAGTGAGACCCTGTCTC"
"chr1","7915266","7915527","chr1","8236456","8236705","17","321190","GACTAGGCTTGGTGGCTCACACCTGTAATCCCAGCACTAGGAGAAGCCTAGGTGAGTGGATTGCTTGAGCCCAGGAGCTCAAGACCAGCCTGGGCAATAAGGTGAGACCCTGTCTCTATAAAAATATACGAAAATTAGTTGGGCATGGTGGTGCATGTCTGCAATCCCAGCTACTTGGGAGACTGAGGTGGGAGGGTTGCTTAAGCCCAGTGCCACTGCACTCCAGCCCGGACGACAGAGTAAGACCCTGAAGAAAGAAAAA","GACTAGGCTTGGTGGCTCACACCTGTAATCCCAGCACTAGGAGAAGCCTAGGTGAGTGGATTGCTTGAGCCCAGGAGCTCAAGACCAGCCTGGGCAATAAGGTGAGACTCTGTCTCTATAAAAATATACGAAAATTAGTTGGGCATGGTGGCGCATGTCTGCAATCCCAGCTACTTGGGAGACTGAGGTGGGAGGGTTGTTTAAGCCCAGTGCCAGTGCACTCCAGCCCGGACAACAGAGTAAGACCCTG"
"chr1","7928361","7928621","chr1","8249066","8249326","2","320705","TTGGGAGGCCAAGGTGGGTGGATCTCTTGAGCCCAGGAGTTTGAGACCAGCCTGGCCAACAAAACGAGGCCCCATCTCTACAAAAAATAACTTAAAAAATTAGGTGGGCATAGTGTCATGCTCTAGTAGTCCTAGCTACTCTGGAAGCTGAGGCAAGAGGATCACCTGAGTGCAGGAGTTGGAGGCTGCAGTGAGCTACAGTTGCACCACTGCGCTCCAGCCTGAGTGACAGAGGGGACTCTATCTCCAAAAAAGAAAAAA","TTGGGAGGCCAAGGTGGGTGGATCTCTTGAGCCCAGGAGTTTGAGACCAGCCTGGCCAACAAAACGAGGCCCCATCTCTACAAAAAATAACTTAAAAAATTAGGTGGGCATAGTGTCATGCTCTAGTAGTCCTAGCTACTCTGGAAGCTGAGGCAGGAGGATCACCTGAGTGCAGGAGTTGGAGGCTGCAGTGAGCTACGGTTGCACCACTGCGCTCCAGCCTGAGTGACAGAGGGGACTCTATCTCCAAAAAAGAAAAAA"
"chr1","7957955","7958166","chr1","8277626","8277837","7","319671","GCTGGGTAAGTTAGCTCACGCCTGTAATCCCAGCACTTTGGGAGACTGAGATGGGACGATCACTTGATCCGAGGAGTTTGAGACCAGACTGCATACCATAGCAAGACCCTCTCTCTACAAAAACAATAAAAATAAAAATTACCCAGGCACGGTGGCACATGTCTGTGGTCCCCAGCTACTTGGGAGGCTGAGGCAGGAGAATTGCTTGAGCC","GCTGGGTAAGGTAGCTCACGCCTGTAATCCCAGCACTTTGGGAGACTGAGAGGGGAGGATCACTTGATCCGAGGAGTTTGAGACCAGACTGCACACCATAGCAAGACCCTCTCTCTACAAAAAAAATAAAAATTAAAATTACCCAGGCACGGTGGCACATGTCTGTGGTCCCCAGCTACTTGGGAGGCTGAGGCAGGAGAATCGCTTGAGCC"
"chr1","7997760","7997865","chr1","8317478","8317583","0","319718","GCCGGGTGCGGTGGCTCACACCTGTACTTTGGGAGGCCGAGGCAGAAGGATCACTTGAGCCCAGGAGTCGAGACCAGCCTGGGCAACATAGCAAGGCCCTGCCTCT","GCCGGGTGCGGTGGCTCACACCTGTACTTTGGGAGGCCGAGGCAGAAGGATCACTTGAGCCCAGGAGTCGAGACCAGCCTGGGCAACATAGCAAGGCCCTGCCTCT"
"chr1","8188899","8189173","chr1","8515096","8515373","8","326197","GGTGGTGCACACCTGTAATCCCAGCACTCTGGGACGCTGAGGCAAGAGGATAGCTTGAGCTCAGGAGTTTGAGACCAGCCTGGGCAATAGGCTTTATAAAAAATGTTTTTTTAATTAGCTGGTCCTGGTGGCACGCACCTATAATCCCACCTACTCAGGAGGCTGAGCCAGGAGAATCACTTGAGCTCTGGAGTTTGAGGCTGCAGTGAGCTATGATCACACCACTGCACTCCAGCCTGGGCAAAACAGAGCTAGACTGTCTTTAAAAAAACAAA","CGTGGTGGTGCACACCTGGAATCCCAGCACTCTGGGACGCTGAGGCAAGAGGACAGCTTGAGCTCAGGAGTTTGAGACCAGCCTGGGCAACAGGCTTTATAAAAAATGTTTTTTTAATTAGCTGGTCACGGTGGCACGCACCTATAATCCCACCTACTCAGGAGGCTGAGCCAGGAGAATCACTTGAGCTCTGGAGTTTGAGGCTGCAGTGAGCTATGATCACACCACTGCACTCCAGCCTGGGCAAAACAGAGCTAGACTGTCTTTAAAAAAACAAA"
"chr1","8192879","8193228","chr1","8519095","8519440","10","326216","GGCCAGGCGTGGTGGCTGGCTCATGTGTGTAATCCCAGCACTTTGGGTGGCCCAGGTGGGTGGGTTCCTTGTGCCCAGGAGCTCAGGACCAGCCTAGGCAACATAGCAAGACCTAGTCTCTGCAAACAAACAAACAAACAAACAAAAAACCCAACCAACCAACCAAAAAACAAAAACAACAAAAATTAAAAATTAGCCAGGCATGGTAAAATGCACCTGCAGTCCCAGCTAGTTGGGAGGCTGACACAAGAGGATCACTTGAGCCCAGGAGTTTTGAGGTTGCAGTGAGCTATGATCACGCCACTGCACTCCAGCCTGGGCAACAGAGCAAGACCCTGTCGCTAATAAAA","GGCCAGGCATGGTGGCTGGCTCATGTGTGTAATCCCAGCACTTTGGGTGGCCAAGGTGGGTGGGTCCCTTGTGCCCAGGAGTTCAGGACCAGCCTAGGCAACATAGCAAGACCTAGTCTCTGCAAACAAACAAACAAACAAAAAACCCAACCAACCAACCAAACAACAAAAACAACAAAAATTAAAAATTAGCCAGGCATGGTAAAATGCACCTGCAGTCCCAGCTAGTTGGGAGGCTGACACAAGAGGATCACTTGAGCCCAGGAGTTTTGAGGTTGCAGTGAGCTATGATCACACCACTGCACTCCAGCCTGGGCAACAGAGCAAGACCCTGTCGCTAATAAAA"
"chr1","8228743","8229040","chr1","8554405","8554707","8","325662","GGCTGAGTGCGGTGGTTCACACTTGTAATCCCAGCACTTTGGGAAGTCAAAGTGGGTGGATTGCTTAAGTTTAGGAGTTCAAGACCAGCCTGGGCAAGATGGTAAAACCTCATCTCTATGAAAAATACAAAAATTAGCCAGGTGTGGTGGTGCACACCTGTAGTCCCAGCTACTTGGGGAGGTAGGATTGCCTGAGCCCAGGAGTTTGAGGCTGCAGTGAGCCATAATCTCACCACTGCACTCCAGGCTGGACAACAGAGCGAGATCCTGTCTCAAAAAAAAAAAAAAAGACAAGAAA","GGCTGAGTGCGGTGGTTCACACTTGCAATCCCAGCACTTTGGGAGGTCAAAGTGGGTGGATTGCTTAAGTTTAGGAGTTCAAGACCAGCCTGGGCAAGATGGTAAAAGCTCATCTCTATGAAAAATACAAAAATTAGCCAGGTGTGGTGGTGCACACCTGTAGTCCCAGCTACTTGGGGAGGTAGGATTGCCTGAGCCCAGGAGTTTGAGGCTGCAGTGAGCCATAATCTCACCACTGCACTCCAGGCTGGACAACAGAGCGAGATCCTGTCTCAAAAAAAAAAAAAAAAAAAAGACAAGAAA"
"chr1","8230361","8230417","chr1","8556094","8556150","2","325733","GGCCAGGTGCAGTGGCTCACATCTGTAATCCTGGCATTTTGGGAAGCTGAGGTGGGA","GGCCAGGTGTGGTGGCTCACATCTGTAATCCTGGCATTTTGGGAAGCTGAGGTGGGA"
"chr1","8257742","8258017","chr1","8584276","8584551","7","326534","CTGGGCATGGTGACTTACACCTGTAATCCCAATGATTTGGGAGGCTCAGGCAGGAGGACAGGAGTTCTAGACCAGCCTTGGCGGCATAGCAAGACCCTGTCTCAACGAAAAATAAAAAAAAATTATCTGGGCATGATGGTGTAGGCCTGTAGTCCCAGCTACTAGGGAGTGTGAGGCAGGAAAATCACATAAGCCCAGGAATTTGAGGTTACAGTGAGCTATGATCCTGCCACGGTATTCCAGCCTGGGTGACAGAATGAGAAACCCTGTCTCAAA","CTGGGCATGGTGACTTACACCTGTAATCCCAATGCTTTGGGAGGCTCAGGCAGGAGGACAGGAGTTCGAGACCAGCCTTGGCAGCAGAGCAAGACCCTATCTCAACGAAAAATAAAAAAAAATTATCTGGGCATGATGGTGTAGGCCTGTAGTCCCAGCTACTAGGGAGTATGAGGCAGGAAAATCACATAAGCACAGGAATTTGAGGTTACAGTGAGCTATGATCCTGCCACGGTATTCCAGCCTGGGTGACAGAATGAGAAACCCTGTCTCAAA"
"chr1","8279187","8279459","chr1","8605846","8606115","6","326659","GGCTGGGTGTGGTAACCCATGCCTGTAATCTCAACACTTTGGGCGGCCAAGACTGGAGGATTGCTTGAACCTAGGGGTTTGAGACCAGCCTGGGCAACAAAGAAAGACCTTGTTTCTACAAAAAATTCAAAAGTTATCTGCTACTTTTAGGGCTGAGGTGGGAGGATTGTTTGAGCCTAGGAGGCTGAGGCTGCAGTGCGCTATAATCATGCCACTGTATTCCAGCCTGGGTGACAGAGTGAGATGCTGTCTCAAAAAAAAAAAAAAAAAAAA","GGCTGGGTGTGGTAACCCATGCCTGTAATCTCAACACTTTGGGCGGCCAAGACTGGAGGATTGCTTGAACCTAGGGGTTTGAGACCAGCCTGGGCAACAAAGAAAGACCTTGTTTCTACAAAAAATTCAAAAGTTATCTGCTACTTTTAGGGCTGAGGTGGGAGGATTGTTTGAGCCCAGGAGGCTGAGGCTGCAGTGTGCTATAATCATGCCACTGTATTCCAGCCTGGGTGACAGAGTGAGACGCTGTCTCAAAAAAAAAAAAAAAAA"
"chr1","8299745","8299828","chrY","23461637","23461726","7","15161892","GGCCAAGCATGGTGGCTCATGCCTGTAATCCTGACACTTCGGGTGGCTGAGGTGGGAGGATTGCTTGAGCCCAGGAGTTGGAGA","GGCCAAGCATGGTGGCTCATGCCTGTAATCCTGACACTTTGGGTGGCTGAGGTGGGAGGATTGCTTGAGCCCAGGAGTTGGAGACCAGCC"
"chr1","8300061","8300174","chr1","8625491","8625605","1","325430","GCTGGCCATGGTGGTTTATGCATGTAATCACAGCACTTTGGGAGGCCGAGGCAGGGGGATAGCTTCAGCCCAAGAGTTTGAGACTAGCCTGGGCAACATAGTGAGGCCCTGTCT","GGCTGGCCATGGTGGTTTATGCATGTAATCACAGCACTTTGGGAGGCCGAGGCAGGGGGATAGCTTCAGCCCAAGAGTTTGAGACTAGCCTGGGCAACATAGTGAGGCCCTGTCT"
"chr1","8321233","8321510","chr1","8646249","8646566","45","325016","GGCCAGGCACAGTGGCTCATGCCCGTAATCTCAACACTTTGAGATGCTGAGGCAAGACTCCTGGCTTGAGTCCAGGAGTTCAAGACCAGCCTAGACAACAAAACAAGATCCCTTCTCTAAAAAAAATTCAGAAACTAGGTGGGCACAGTGCCGTGCACCTGTAGTTCCAGCTACTTGAGAGGCTGAGGCAGGAGGACCACTTGAGCTCGGGAGTTCAAGGCTGCAGTAAGCCGTGTTCATGTCACTGCACTGTAGTCTGGACAACAGAGTGAGACCCT","GGCCAGGCACAGTGGCTCATGCCCGTAATCTCAACACTTTGAGATGCTGAGGCAAGACTCCTGGCTTGAGTCCAGGAGTTCAAGACCAGCCTAGACAACAAAACAAGATCCCTTCTCTAAAAAAAAATTAGAAACTAGCTGGGCACAGTGCCGTGCACCTGTAGTTCCAGCTACTTGAGAGGCTGAGGCAGGAGGACCACTTGAGCTCGGGAGTTCAAGGCTTCAGTAAGCCGTGTTCATGTCACTGCACTGTTGTCTGGACAACAGAGTGAGACCCTTCCCCGCCACTCAAAAAAAAACAAACAAACAAAAAAAAAA"
"chr1","8321829","8322094","chr1","8646839","8647091","18","325010","GGCTGGGTGCAGTGGCTCATGCCTGAAATCCCAGCACTTTGGGAGGCCAAGGTGGGCGGACAGTGTGAGCCAAGGAGTTCAAGATCAGCCTGGGCAACATGGCAAAACCTTGTCTCTACAAAAAATACAATTAGCCAGGCATGGTGATGCATGCCTATAGTCCCTGCTACTCAGGAGACTGAGGCAGCAGATTGAGGCTGCAGTGAGCAATGATCATGCCATAGCACACCAGCCTGGGCGACCCTGTCTCAAAAAGAAGTGAAAAA","GGCTGGGTGGAGTGGCTCATGCCTGAAATCCCAGCACTTTGGGAGGCCAAGGTGGGCGGATAGTGTGAGCCAAGGAGTTCAAGATCAGCCTGGGCAACATGGCAAAACCTTGTCTCTACAAAAAATACAATTAGCCAGGCATGGTAATGCATGCCTATAGTCCCTGCTACTCAGGAGATTGAGGCTGCAGTGAGCAATGATCATGCCATAGCACACCATCCTGGGCGACCCTGTCTCAAAAAGAAATGAAAAA"
"chr1","8329889","8330059","chr18","51124449","51124617","37","42794560","TGTAATCCCAGCACTTTGGGAGGCGGAGACAGAAGGATTGCCTGAGCTCAGGAGTTCAAGACCAGCCTGGGCAACATAGTGAGACCCCCATCTTTACAAAAAATTTTTACAAATTAGCTGGGCCTGGTGGCACACACCTGTAGTCCCAGCTACTCAGGAGGCTGAGGCAGG","ATCTCAGCACTTTGGGAGGCTGAGGTGGGAGGATCCCTTGAGCCCAGGAGTTCAAGACCAGCCTGGACAACATGGTGAGACCCCCATCTCTACAAAAAAATAAAATAAATTTAGCCAGGTGTGGTGTACATGCCTGTGGTCCCAGCTACTCAGGAGGGTGAGGTGGGAG"
"chr1","8342733","8342848","chr10","71092246","71092361","1","62749513","GGCTGGGCACAGTGGCTCATGCCTGTAATCCCAGCACTTTGGGAGGCAGAGGCAGAACGATCACTTGAGCCCAGGAGTTTGAGACCAACTTGGACAACAAAGCAAGACCCCATCTC","GGCTGGGCACAGTGGCTCATGCCTGTAATCCCAGCACTTTGGGAGGCAGAGGCAGAACGATCACTTGAGCCCAGGAGTTTGAGACCAACTTGGACAACAAAGCAAGACTCCATCTC"
