"GL873520","9860036","9860269","KN295294v1","416044","416285","65","9443992","GGCTCACACCTGTAATCCTAGGACTCTAGGAGGCTGAGGTGGGTGGATTCTCTGACTTTCAGAGTTTGAGACCAGCCTGATCAAAAGCAAGACCCTGTCTCTACTAAAAATAGAAAAATTATCCGGCCCTTGTAGTGGACGCCTATAGTCCCAACTACATGGAAGATGAGGCAAGGGGTTCACTTGAGCCCGAGAGTCAGAGATTACTGTGAGCTAGGACACCATGGCACTCTA","GGTGGCTCAGCTTGTAATCCCTGCGCTTTAGGAGGCTGAGGTGGGCGATCAATTAAGGTCAGGAGTTTGAAACCAACCTAGCCAACATGGGGAAACCCTGTCTCTATTAAAAATACAAAAATTAGCAGGACGTGGTGGTGGGCGCCTATAAGCCCAGCTACTTGGGAGGCTGAGGCAGGAGAATCACTTGAACCCGGGAGTCAGAGGTTGCAGTGAGCTGAGACTGCACCATTGCACTCCAG"
"GL873520","45140678","45140962","KN297386v1","1208667","1208955","68","43932011","GGCAGAGCACAGTGGCTCACACCTTCAATCCTGGCACACTGGAAGGCTAAAAGGGGAAAGATCCCTTGAGCTCAGGATTTCGAGACCAGCCTGAGCAATAGAAACCCCATCTCCACTAAAAATAGAAAAAAAATAGCCAGGTATTGTGGCTGGCACCTGTAGTTCCAATTACTCTGGAGACTGAGGCAAGAGGATCCCTTGAACCCAGGAGACTGAGGTGGCTATGAGCTAGGTTAATACCATGGCACTCTAGCCTGGGGCAACAGTGAAACTCTTGACTCAAAA","GGCCGGGCGCAGTGGCTCACGCCTATAATCCTAGCACTTTGGGAGGCCAAAGCGGGCAGATCACCTGAGGTCAGGAGTTCAAGGCCAGCCTGGCCAACATGGTGAAACCCCATCTCTACTAAAAATACAAAAAAATTAGCTGGGCATGGTGGCGGGCAACTGTAATTCCAGCTACTCAGGAGGCAGAGACAGGAGAATCCCTTGAACCTGGGAGGTGGAGGCTGCAGTGAGCTGAGGTCATGCCATTGTACTCCAGCCTGGGTGACAAGAGTAAAACTCTGTCTCAAAA"
"GL873520","72687195","72687465","KN295350v1","306563","306857","85","72380632","CCAGGCATGGTGGGTCACACCAGTAATTCCAACACTCTGGGGGGGCTGAAGCAGGTGGATCACCTAAAGTCAGGAGTTCCAAGACCAGCCTGAGCTAGAACAAGACCCCTGTCCCTAAAAATGGCCAGCTGTTGTGGCGGATGCCAATAGTCCCAGCCCAGTTTGAGGCAAAAGAATTGCTTGAGCCCAAGAGGCTAAGGTTACTGTGAGCTGTGATGTTCCGCACTCTACAGAGCATGACAAGTAAAATTCTATAAATAAATAAATAAAA","GGACAGGCATGGTGGCTCACACCACAATTCCAGCACTTTGGGAGGCCAAGGTGGGTGGATCACCTAAGGTCAGGAGTTCAAGACCAGCCTGACCAACATGGCAAAACCCCGTGTCTACTAAAAATACAAAAATTAGCCAGGCGCGGTGGCAGGTGCCTGTAATCCCAGCTACTCAGGAGGTTGAGGCAGGAGAATCGCTTGAACCCAGGAGGCAGAGGTTGCAGTGAGCCGAGATTGTGCCATTGCACTCCAGCCTGGATGACAAGAGTGAAACTTCATCTCAAAAAAAAAAAAA"
"GL873521","8203778","8204048","KN295441v1","1329285","1329560","70","6874493","GGCTGGGCATGGTGGCTTACACCTGTAATCCCAGCACTCTGGGAGGCTGAGGCTGGTGGATTGCCTGAGCTCACAAGTTGGAGAGCAGCCTGATGAAGAGTGAGCCCCCGTCTCTAAAAATAGCTGGGCATTGTGCTGGGCACCTATAGTTCCAGCTACTAGGGAGGCTGAGGCAAGAGAATTGCTTGAGCCCAAGAGTCTGAGATTGCTATGAGCTAAGACACCCTGGCTCTCTACCAGGGGTGATGAAGTGAAACTGTGTCTCAAAAAA","GCTGGACACGGTGGCGCACGCCCATAATCCCAGCACTTTGGGAGGCCAAGGCGGGTGGATCACCTGAGGTCAGGAGTTCGAGACCAGCCTGGCCAACATGGTGCAACCCAGTACAAAAAATTAGCTGGGCATGGTGGCGGGCGCCTGTAATCCCAGCTACTTGGGAGGCTGAGGCAGGAGAATCACTTGAACCCAAGAGGCAGAGGTTGCAGTGAGCCAAGATCACGCCTTTGCACTCCAGCCTGGGCAACAAGAGCAAAACTCCATCTCAAAAAA"
"GL873521","27737113","27737375","KN295236v1","308076","308362","77","27429037","GCTGAGCACTGTGGCTCATGCCTTTAATCCTTGCACTCTGGGAGGCCAAGATGAGAGAATTGTTTGAGCTCAGGAGTTCATGAGCAAGAGTGAGACCCCCATCTTTACTAAAAATCAAAAAATTAGCTGGGCATGTGATGGTCTCCTATAATCTCAGCTACTTGGGAGGCTGAGGCTGGAGGATGGCTTGAACCCAGGAGGTTGCTGTGAGCTGCTAGGTTGATACCATAGCACTGCAGCCTGAACTCTGTCTCCAAAAAAAA","GCTGGGCGTGGTGGCTCATGCCTGTAATCCCAGCACTTTGGGAGGCTAAGATGGGTGGATCGCCTGAGGTCAGGGGTTCAAGACCAGCCTGGCCAACATAGTGGAACCCCATCTCTACTAAAAATACAAAAAATTAGCTAGGCGTGGTGGTGGGTGCCTGTAATCCCAGCTACTAGGGAGGCTGAGGCAGGAGAATCGCTTGAACCCAGGAGGCAGAGGTTGCAGTAAGCTGAGATTGCACCATTGCACTCCAGCCTAGGAACAAAAGGGAAACTCCATCTCAAAAA"
"GL873521","34006833","34007129","KN296154v1","1154093","1154392","75","32852740","GCCCAGGCCTGTCATCCTAGCACTCTGGAAGGCCGAGGTGGGTGACTGAGTGCCTGAGCTCAGAAGTTAGAGACCAGCCCAAGCAAGAGTGAAACCCCCATCTCTACTAAAAATAGAAAAACTAGCCAGCATTGCAGTGGATGCCTATAGTCCAGCTACTCTGGAGGCTGAGGCAAGAGAATCGCTTGACCCTGAGTTTGAGGTTGCTGTGACCTAAAATATCCCAGCACTCTATGGGGTGACAAGAGGGAGACTCTGTTCCCCCCTCAAAAAAAAAGAAAAGAGAAAAAAAGAAAA","GCTCACACCTGTAATCCCAGCACTGTGGGACGCCGAGGTGGGTGGATCACCTGAGGTCAGGAGTTTGAGACCTGTCTGGCCAACATGGTGAAACCGCATCTCTACTAAAAATACAAAACATATTCCAGGTATGGTGGTGGGTGCCTGTAATCTCAGCTACTCGGGAGGCTGAGGCAGGAGAATCGCTTGAACCCAGGAGGTGGAGGTTGCAGTGAGCTAAGATTGCACCATTGCACTCTAGCCTGGGCAACAAGAGTGAAACTCCATCTCAAAAAAAAAAAAAGAAAGAAAAAAAGAAAA"
"GL873521","40813117","40813351","KN295433v1","566711","566958","61","40246406","GGCCAGGTGCGATGGCTCACGCCTATAATCCTAGCACTCTGGGAGATCAAGGCAGACAGATCACCTGAGTTCACTAGTTCGAGACCAGCCTGAGCTACAGTGAGACCGTGTCTCAAGAAAAAAAAAAATAACTGGGTGTTGTGACAGGCACCTATTGTCCCAGCTACTTGGGAGGCTGAGGCAAGAGAATTGCTTGAAAGCGTCTGAGGTTGCTGTGAGCTATGTCGCCATTGCA","GGCCAGGCGCAATGGCTCACGCCTGTAATCCCAGCACTTTGGGAGGCTGAGGTGGGTGGATCACCTGAGGTCAGGAGTTCAAGACCAGCCTGACCAACATGGTGAAACCCCGTCTCTACTAAAAATACAAAAATTAGCTGGATTTGGTGGCAGGTGACTGTAATCCCAACTACTCAGGAGGCTGAGGCAGGAGAATTGCTTGAACCCAGGAGACAGAGGTTGCAATGAGCCAAGATTGTGCCATTGCA"
"GL873521","49044274","49044518","KN294739v1","994750","995002","73","48049524","CCCAGCACTCTGGGAGGCTGAGGTGGGAGGATCACTTGAGCTCAGGCATTCAAGACCCACCCAAGAGGGAGACCCCATCTCCACTAAAAATAGAAAAACCAGCCGAGTGTCATTGCAAGTTCCTGTCATTGCAACTATTCAGGATGCTGAGGCAGGAGACTCACTGGAGCCCAGGAGTCTGAGGTTGCTGTGAGCTAGGCTGGTACCATGTCACTTTAGCCTGGGGCAACAGTGAAACTCCATCT","GCACTTTGGGAGGCCAAGGCAGGTGGATCACCTGAGGTCAGGAGTTCAAGACCAGCCTGGCCAACATGGTAAAACCCCGTCTCTACTAAAAATACAAAAATTAGCCAGGCACGATGGCATGCGCCTGTAATCCCAGCTACTCAGGAGGCTGAGGCAGGAGAATCGCTTGAACCCAGGAGGCAGAGGTTGCAGTGAGCCAAGATTACGCCATTGCACTCCAGCCTGAGCAACAAGAGCAAAACTCCATCTCAAA"
"GL873522","5090605","5090876","KN295236v1","4975170","4975435","80","115435","GGCCTAGGCAGGGTAGCTCATGACTGTGATCCTAAGCACTCTGGGTGGCTGGGTGATCACTCTGGGTGATCAACTGAGCTCAAGTTTTCAAGTTTGAGACCATCCTGAGCAAAAGTTGAAACCTGCAACTCTACTAAAAATAAGAAAATTTAGCTGTGTGGCAGGCACCAGTAATCCCAGCTACTTGGGAGGCTCAAGGAGGATTACTTGAACCTAGGACTTTGAAGTTGCTTTGAACTAAGCTGAGGCCATGGCACTCCAGTTCAGGTGAC","GGCCTGGCGTGGTGGCTCATGCGTGTAGTCTTAGCACTTTGGGAGGCCGAGGTGGGTGGATCACCTGAAGTCAAGAGTTTGAGACCATCCTGACCAACATGGTGAAACCCGATCTCTACTAAAAATACAAAAAATTAGCTGGGCTTGGTGGCAGGCACCTGTAATCCCAGCTACTAGGGAGGCTGAGGCGGGAGAATCACTGGAACCTGAGAGGTGGGGGTTGCAGTGAGCTGAGATCCTGCCATTGCACTCCAGCCTGGGCAACA"
"GL873522","15842096","15842370","KN296391v1","214053","214347","72","15628043","GCCAGGCACAGTGGCTCACGCCTGCAATCCCAGAATTTGGGAGGCTGAAGTGAGTGGATTGCCTGAGCTCACAGGTTCGAGACCAGCCTGAGCCAGAGTGAAACCTCATCTCTAATAATAGCCAGGTGTTGTGGCAGGGGACTGTAGTCTCAGCTACTTTGGAGGCTGAGGCAAGAGAATTGCTTAACCCCTTGAGTTTAAGGTTGTTGTGAGTTAACACACCATGGTACTCTACCGAGGGTGACAAAGTAAAACTCTGTCTCGAAAAAAAAAAA","GCCAGGCACAGTGCCTCACACCTGTAATCCCAGCACTTTGGGAGGCTGAGGCAGGTGGTTTACCTGAGGTCAGGAGTTCGAGAGCAGCCTGGCCAGCATAGTGAAACCCCGTCTTTACTAAAAATACAAAAATTAGCTGGGTGTGGTGCCAGGTACCTGTAATCCCAGCTACTCAGGAGGCTGAGGCAGGAGAATCGCTTGAACCCAGGAGGCAGAGGTTGCAGTGAGCCAAGATCGTACCACTGTACTCTAGCCTGGGTGACAAGAGTAAAACTCTGTCTCAAAAATAAATAAA"
"GL873522","17204196","17204478","KN296934v1","1038553","1038835","73","16165643","GGCCAGTCTCAGTGGCTCATACCTGTAATCTTAACACTTTGGGAGGCTGAGGTGAGAGGATCCCTTGAGGTCAGGAGTTCAAGATGAGCCTGATCAAGAATGAGATCCTGTCTCAACTAAAAATAGGAACATTAGCTAGATGTTATTTTGGGCATCTGAGGAGACCGAGACAGGAGGTTCCCTTGAACCCAGGAGTATGAGGTTGGTATGAGCTAGTCTGATGGCATGGCACTCTAACCTGGACAAGAGAGAAACTTTGTCTCAAAAAAATAAATAAATAAAA","GGCCGAGCACAGTGGCTCATGCCTGTAATCCCAGCACTTTGGGAGGCTGAGGTGGGTGGATCACCTGAGGTCAGGAGATCGAGACCAGCCTGGCCAACACAGTGAAACCCTGTCTCTACTAAAAATGCAAAAATTAGCTGGGTGTTGTGACAGCTACTTGGGAGGCTGAGGCAGGAGAATCGCTTGAACCCGGAAGGCAGAGGTTGCAGTGAGCCGAGACCGTGCCATTACACTGCAGCCTAGGCAACAAGAGTGAAACTCTGTCTCAAAAAAAAAAAAAAAA"
"GL873522","18675974","18676197","KN296934v1","764213","764429","64","17911761","AGTTTGAGACCAGTCTGAACAAGAATGAGACCCCATCTCTACTAAAAATAGAAAAAGTTAGTCAGGTGTTGTGGCATGTGCCTATAATCCCAGCTGCTCGGGAGTCTGAGGCAAGAAAACCGCCTGAATCCAGAAGTCTGAAGTTCCTATGTGCTAGGCTGATATGCTATGGCACTCAAGCTTGAGCGACAAGAGAGAGACTGTCTTAAAAAAAGAAAGAGAAA","CAGCCTGGTTAACATGGTGAAACCCCATCTCTACTGAAAATACAAAAATTAGCCAGGCGTGGTGGCGTGTGCCTGTAATCCCAGCTACTTGGGAGGCTGAGGCAGGATAATCACTTGAACCCGGGAGGCGGAGGTTGCAGTGAGCCGAGATAGCGCCATTACACTCCAGTTTGGGCAACAAGAGCGAAACTCCGTCTCAGAAAAACAGAAACCAAAA"
"GL873522","24363541","24363777","KN296280v1","120827","121074","64","24242714","GGCTGGGTCCAATGGCTCATGTCTGTAATTCTAGCACTCTGTGAGGCCAAGGCCTGAACTCAGGAGTTGGAGACCAGACTGAGCAAGAGGGTGCAAGACCTCCATCTCTACTAAAAATAGAAAAAAGCTTAATGGTGTGGTGGTAGGTGCTTGTAGTCCTAGCTACTTGGGAGGCTGCGGTAACGGGATCACTGGAACCCAGGAGACTGGTTGCTGTGAGCTAAGATGACGCCATTG","GGCCAGGTGCAGTGGCTCACGCCTGTAATCTCAGCACTTTGGGAGGCCAAGGCAGGTGGATCACCTGAGGTCAGGAGTTCAAGACCAGCCTGGCCAACGTGGTGAAACCCCATCTCTACTAAAAATACAAAAATTAGCCAGGGGTGGTGGTAGGTGCCTGTAATCCCAGCTACTTGGGCGTCTGAGGCAGGAGAATCACTTGAACCCAGGAGGCGGAGGTTGCAGTGAGCCTAGATCATGCCATTGCA"
"GL873522","31999756","31999996","KN294471v1","32437","32686","71","31967319","GGTTGGGTGTGGTGGTTTATGCCTGTAATCCTAGCACTGTGGGAGGCCGAGGCTGGTGAATTGCCTGAGTTCACAGGTTCGAAACTAGCCTGACCCAGAGTGAGACCCAGTGTCTAAACATAGCCAGGCGTTGTTGGTGGGCACCAAGTAGTAATCCCAACTACTTGGGAGGCTGAGGCAAGAGAAATGCTTGAGCCCAAGAATCTGAGGTTGCTGTGAGCTATGATGCCATAGCACTCTA","GGCTGGGTGCAGTGGCTCACGCCTATAATCCCAGCACTTTGGGAGGCCGAGGTGGGTGGATCAGTTGAGGTCAGGAGTTCGAGACTAGCCTGGACAACATGGTGAAACCCCGTCATTACTAAAAATACAAAAATTAGGTGTGGTGGCGGGTGCCTATAATCCCAGCTACTTGGGAGGCTGAAGCAGGAGAAGTGCTTGAACCCGGGATGCAGAGGTTGCAGTGATTCGAGAGCATGCCATTGCACTCCAG"
"GL873522","47147913","47148198","KN296056v1","28586","28872","73","47119327","GGCTGGGTGCAGTGGCTCCTAACTATAATCTCAGCATTCTGGGAGGCTGAGATGGGTGGATCACCCAAGCTCAGGAGTTCCAGACCAGCCAGAACAAGAGTAAGACCCTGTCTCTACTGAAATAAAAAACTAGGCTAGGTGTGGTGGCAGGTCCTAGCTTCTTGGGAGGCTGAGGCAGGAGTATCACTTAAACCCAGGAGTTTGAAGTTGCCGTGCACTAGGCTGACATGATGGCACTCTAGTCTGGGCCAAGAGAGTGAGATTCTGTCTAAATAAATAAATGAAA","GGCCAGGTGCAGTGGCTCCTGCCTGTAATACCAGCACTTTGGGAGGCTGAGGTGGGTGGATCATGTGAGGTCAGGAGCTCCAGACCAACCTGGCCAATATGGTGAAACCCCCTCTCTACTAAAAATACAAAAATTAGCTGGGTGTTTTGGCAGGCGCTACTTAGGAGGCTGAGGCAGGAGAATCACTTGAACCCAGGAGGCAGAGGTTGCAGTGAGCGGAGATCACGCCATTGCACTCCAGCCTGGGCCACAAGAGCAAAACTCCGTCTCAAAAAAATAGAAATAAA"
"GL873523","4311240","4311319","KN296146v1","297164","297220","32","4014076","GCACTGAGCAGAGAGCCCTGTGNNNNNNNNNNNNNNNNNNNNAAAGTAAAACTCTGTCTCAAAAAAAAAAAAAAAAAAAA","CACTCCAGCCTGGGTGACAAGAGCAAAACTCTGTCTCAAAAAAAAAAAAAAAAAAAA"
"GL873523","9641237","9641523","KN297159v1","1593950","1594247","69","8047287","GACTGGGAGTAGTGGCTCACGCCTGTTATTCTAGCACTCTGGGAAACTGAGGCAGAGGATTACTTGGGATCAGGAGTTCGAGCCTGAGTGAGGAAGAGCCATCTCTACTAACTATAGAAAAATTAGTGGAGAATGGTAGTGGGCACCTGTGGTCCCAGCTACTTGGAAGGCTGAGGCAGGAGGATCACTTGAGCCCAGGAGCCTGAGGTTGCTGTGAGCTAGGCTGAGGCCATAGCACTCTAGCCTGGGCAAAAGAGTGAAACTCTGCCTCAACAACAATAATAAAA","GGCCAGCCATGGTGGCTCACGCCTGTAATCCTAGCACTTTGGGAGGCTGAGGCAGGTGGATTACTTGAGGTCAGGAGTTCAAGACCAGCCTGGCCAACATGGTGAAACCGCGTCCCTACTAAAAATACAAAACATTAGCTGGGCGTGGTGGTGGGCCCCTGTAATCCCAGCTACTTGGGAGGCTGAGGCAGGAGAATCACTTGAACCCAGGAGGGAGAGGTTGCAGTGAGCTAAGATCACGCCATTGTACTCTAGCCTGGGTGACAAGAGCGAAACTCCGTCTCAAAAAAAAAAAAAA"
"GL873523","36552863","36553134","KN296311v1","5633925","5634185","81","30918938","GCCAGACACTGTGGCTCACACCTGTAATCCTAGCACTCTGGAAGGCCAAGATGGGCAGATTGCCTGAACTCTGGAGGCTGATAATGGCATGAGCAAAAGTGAAACCTGGTGTCTGCTAAAAATAGAAAAACTAGTCAGGTGCTGCAGCAGGCACCTATTAAGTCCAGTTACCTGGGAGGCTGAGGCAAGGGATTGGATCATTTGAGCCCAAGAGTTTGAGGTTGCCAGAACACCATGGCACTCTAAACATTGTCTCAAAAAAAGGAAAAAAA","GGCCGGGCACGGTGGCTCACACCTGTAATCCCAGGACTTTGGGAGGCCAAGGCGGGTGATCGCTTGAGGCCAGGAGTTTGAGACAAGCCTGGTCAACATGGTAAAACCCCATTTCTACTAAAAATACAAAAATTAGCCAGGCATGGTGGCAGGCACCTGTAATCCCAGCTACTTGGGAGGCTGAGGCAGAGGTTACAGTGAGCCAAGATACAGAGGATACAGGCGACAATAGGGAGACTCTGTCTCAAAAAAAAAAAAAAA"
"GL873523","46565253","46565558","KN296174v1","240636","240938","84","46324617","GGCCGGGTTTGGTGGCTAACGACTGTTGTCCCAGCGCTGTGGGAGGCCGAGGCAGGTGGATCACCTGTGCTCAGAGGTTCAAGACCAGCATGAGCCAGAGTGAAAGCCAGAGTGAGACCCCATCTCTACCAAAAATTGCCAGGCGTTCTGGTAGGCGCCTGTAATACCAGCTACTTGGGAGGCTGAGGCTAGAGAATCACTTAAACCCACGGATCCGGGGGTTGGCAGAGGTTGCTGTGAGCTTTGTACTCTACTGAAGGACACAAAGTGAGACTCTGCCTCCATTAAAAAAAAAAGTAAAATAAA","GGCTGGATGTGGTGGCTCACGCCTGTAATCCTAGCACTTTGAGAGGCCGAGGCAGGTGGATCACTTGAGGTCAGGGGTTCAAGACCAGCCTGGCCAACATGGTGAAACCCCAGTCTCTACTAAAAGTACAAAAAGTTAGCAGGGCGTGGTGGCAGGTGCCTATAATCCCAGCTGCTCGGGAGGCTGAGGCAGGAGAATCACTTGAACCTGGGATGCAGAGGTTGCAATGAGCTGAGATTGCACCATCGTACTCTGGCCTGGGAAACAACAGTGAAACTCTGTCTCAAAAAAAAAAAAAAAAAA"
"GL873524","3267975","3268227","KN296153v1","54188","54441","53","3213787","GGCCAGGCATGGTGGCTCACACCTATAATCCTAGTACTCTGGGAGGCCAAGGCGGGTGGATCACCTGAGCTCAGGAGTTCAAGACCAGCTTGAACAAGTGTGAGACCCCATCTCTACTAAAGATACAAAAACTAGCTGGGTGTTGTGGCAGTCACATGTAGTCCCAGCTACTCAGGAGGCTAAGGCAAGAGAAGATCGCTTGAGCCTGAGAGTTTGAGGTTGCTGTGAGCTACAACAGTGCCATGGTACTCTA","GGCCAGGTGCGGTGGCTCACACCTGTAATTCCAGTGCTTTGGGAGGCCAAGGCGGGTGGATCACCTGAGATCAGGAGTTCAAGACCAGCCCGACCAACATGGTGAAACCTCATCTCTACTAAAAACACAAGAATAAGCTGGGTGTGTTAGTGGGCGCCTATCATCCCAGCTACTCAGGAGGCTGAGGCAGGAGAATTGCTGGAACCTGGGAGGCAGAGGTTGCAGTGAGCTGAGATCACGCCATTGCACTCTAG"
"GL873524","5259380","5259684","KN295350v1","243779","244085","83","5015601","GGCAGGGCGTGGTGACTCACGCCTGTAGTCCCAGCGCTGTGGGAGGCAGAGGCGGGTGGATCACCTGTGCTTAGAGGTTCGAGACCAGCATGAGCCAGAAGGAGAGCCAGAGTGAGACCCCGTCTCAACCAAAAATTGCCGGGCGTTCTGGCAGGCGCCTGTAATCCCAGCTACTTGGGAGGCTGAAGCCAGAGAATCACTTAAACCCAGGGACCCAGGGGTTGGCAGAGGTTGCTGTGAGCTATGTACCCTACTGAAAGACACAAAGCGAAACTCTGTCTCCTCCATTAAAAAAAATAATAAAA","GGGCGGGCACGGTGGCTCACGCCTGTAATCCCAGCACTTTGGGAGGCCGAGGCGGGTGGATCACCTGAGGTCAGGCGTTTGAGACCAGCCTGGCCAACAGGGTGAAACCCCGTCTCTACTAAAAATACAAAAAATTAGCTGGGCATTGTGGCAGGCGCCTGTTAATCCCAGCTACTTGGGAGGCTGAGGCAGGAGAATCTCTTGAACCCAGGAGGCAGAGGTTACAGTGAGCCGAGATCGTGCCATTGCACTCCAGCCTGGGCAACAAGAGTGAAACTCTGTCTCAAAATTAAAAAAAAAAAAAAAA"
"GL873524","41491809","41492068","KN296063v1","838425","838678","70","40653384","GGCTAGGCATGATGGTTTGTGTCTGTAATTCTAGCTGTCTGGGAGGCCGAGGCCGGTGGATTGCCTGAGCTCAGGAGTTCCAGACCAGCCTAAGCAAGAGAGAGACCTTGTTTCTACTAAAAATAGAAAACTAGCCGTGTGTTGTGGTGGGTCCTTGTAGTTCCAGCTACTCGGGAGGTTGAGGCAAGAGAGTCGCTTGAGCACCCAAGAGTTAGAGGTTGCTGTGAGCTGAGGCCATGACACTCTACTGAGGGTGACAA","GCCAGGCATGGTGGCTCAGGCCTGTAATCCCAGCACTTTGGGAGGCCGAGGTGGGTGAATTACCTGAGGTCAGGAGTTTGAGACCAGCCTGACCAACATGGTGAAACCCCATCTCTACCAAAAATACAAAAACTAGCCAGGTGTGGTGGCAAGTGCCTGTAATCCCAGCTACTCTGGAGGCTGAGGCAGGAGAATCGCTTGAACCCATCAGGCAGAGGTTGCAGTGAGCCGAGATCATGCCATTGCGCTCCAAC"
"GL873525","33258250","33258518","KN297452v1","2177807","2178082","75","31080443","GGCCAGCTGCAGTGGTACATGCCTATAATTCTACCACTACGGAAGGCTGAGGTGGGAGGATCCCCTGAGCAAGAGTGAAACTCTGTCTCTACTAAAAATAGGAAAATTAGCGAGGCATTGTGGTGGGTACTTATAGTCCCAGCTACTTGGGAGACTGAGGCAGAAGGATCACTCAAACCTTGAAATTTGAGGTTGCTATGAGCCAGTCTGAGGCCGTCGAACTCTAGCCTGGGGCAATAGACACTGTCGCAAAAAAAAGAAAAAAAAAA","GGCCAGGTGCGGTGGCTCACGCCTGTAATCCCAGCACTTTGGGAGGCTGAGGCGGGTGGATCACCTGAGGTCAGGAGTTCGACACCAGCCTGTCTCTACTAAAAATACAAAATTAGCTGGGTATAGTGGCAGGTGCCTGTAATCCCAGCTACTAGGGAGGCTGAGGCAGGAGAATCACTTGAACCTGAGAGGCAGAGGTTGCAGTGAGCTGAGACTATGCCATTGCACTCTAACCTGGGCAACAAGAGAGAGAGACTGTCTCAAAAAAAAAAAAAA"
"GL873526","3488748","3489015","KN297452v1","2177807","2178082","77","1310941","GGCTGGGCTCAGTGGCTCTCGCCTGTAAGCCACTCTGGGAGGCTGAGGTGGATGGATTGCCTGAGCTCATAGGTTCCTGAACAAGAGTGAGACCCTGCCTCTAAAAGTAGCTGGGCATTGTGGCAGGCGCTTTATACCAGCTACTCGGGAGGCTGAGGCAAGAGGACTGCTTGAGTCTGAGAGTTTGAGATTGCTGTGAGCTGTGATGCCGTTGCACTCTACCAAGGGTGACAAAAGTGAAACTCTGTCTCAAAAAAAAAAAAGGAAA","GGCCAGGTGCGGTGGCTCACGCCTGTAATCCCAGCACTTTGGGAGGCTGAGGCGGGTGGATCACCTGAGGTCAGGAGTTCGACACCAGCCTGTCTCTACTAAAAATACAAAATTAGCTGGGTATAGTGGCAGGTGCCTGTAATCCCAGCTACTAGGGAGGCTGAGGCAGGAGAATCACTTGAACCTGAGAGGCAGAGGTTGCAGTGAGCTGAGACTATGCCATTGCACTCTAACCTGGGCAACAAGAGAGAGAGACTGTCTCAAAAAAAAAAAAAA"
"GL873527","859130","859281","KN296316v1","223608","223762","52","635522","ACTAAAAATAGAAAAATTAGCTGGGCATTGTGGTGGGTGCTTCTGAGGCAGGAGGATCACTTGAAGAGTTTGAGGTTGCTGTGAGCTGGGCTGATATCATGGCACTCTAGTCTGGGCAATAAAATGAACCTCTGTCTGAAAAAAAAAAAGAA","CTTAAAATAAAAAAGCCGGGTATGGTGGTGGGCACCTGTAATGCCAGGCAGGAAAATCGCTTGAACCTGGGAGGAAGAGGCTGCAGTTAGCCGAGATCATGCCATTGGACTCTAGCCTGGGCAACAAGAGAAAACTCCATCTCCAGAAAAAAGAA"
"GL873527","3554390","3554680","KN294705v1","2146593","2146892","71","1407797","GGCCAGGCTCAGTGGCTCATGCCTATAATCCTCCCAGTCTGGGAGGCTGAGACAGGTGGATCCCTTGAGCTCAGGAGTTCAAGACCAGCCTGAACAAGAAGGAGACCCCATCTCTACTAAAAATAGAAAAAAAATAGCCAGGCATCATGGTAGGCACCTCTAGTCCTAACTACTCAGGGGACTGAGACAAGAGAATTGCCTGAACCCCGAGTTTGAGGTTGCTGTCAGCAAGGCTGATATACTCTAGCCCAAGGGAAAAAAAGAAAACCCGGCCCAAAAAAAAAAAGAAAA","GGCCAGGCGCAGTGGCTCACGCCTGTAATCTCAGCACTTTGGGAGGCTGAGGCAGGTGGATCACCTGAGGTCAGGAGTTCAAGACTAGCCTGACCAACATGGCAAAAACCCATCTCTACTAAACATACAAATAATTAGCCAGGTATGGTGGTAGGTGCCTGTAATCCCAGCTACTCAGGAGGCTGAGGCAGGAGAATTGCTTGAACCTGAGAGGTGGAGGTTGCCGTGAGCTGAGATCGCACCATTACATTCTAGCCTAGGAGAAAAGAGTGAAACTCCATTTCAAAAAAAAAGAAAAAA"
"GL873527","30425494","30425756","KN294429v1","85706","85966","63","30339788","GCCAGGTGTGTCAGCCCACACCTGTAATCCTAGCACTCTGAGAGGCTGAAGCAGGTGGATCAATTAAACTCAAGAGTTTGAGACCAGCCTGAGAAAGAGTGAGAGCCTGTCTCTACTAAAATTTGAAAAATTAGCCAGGCATTGTGGTGGGTGCCTGTCATCCTGGCTACTCAGGAGGCTGAGGCAGGAGAGTTGCTTGAACCTGGAAGTTTGAGGTTGCTGTGAGGTGGGCAGATGCCATGGCACTCTAGGCTGGGCAATAA","CCAGGTGCGATGGCTCATGCCTGGAATCCCACCACTTTGGGAGGCTGAGGCGGGTGGATCAATTGAGCTCAGGAGCTTGAGACTAGTCTGACCAACATGGCAAAACCTTATCTCTACTAAAAATGCAAAAATTATCCGGGCATGGTGATGGGCGCCTGTAATCCTAGCTACTCGGGAGGCTGAGGCAGGAGAATTGCTTGAACCCGGGAGGTGGAGGTTGCAGTGATCCGAGATCACACCATTGCACTCCAGCCTGGGCAA"
"GL873528","7163413","7163703","KN294705v1","1917320","1917612","70","5246093","GGCTGGGCAAAGTGGCACATGCCTGCAATCCTAGGACTCTGGAAGGCTGGGGCGGGTAGATTGCCCGAGCTCAAGAGTTCGAGACCAGTCTGACCAAGAATAAAACCCCATGTCTACTGAAAATAGAAAAAGTAGCCAGGCGTTGTTGTGCTGGGCGCCTGCAGTCCCACCTACTCGGGAGGCTGAGGCCAGAGGATGGCTTGCACTCAGGAGGAGGCTGCTGTGAGCCAGTCTCTTGCCATGGCGCTCTAGCCCAGGGCAACAAAGACTTTGTCTCATAAAAAAGAAAAA","GGCTGGGTGCAGTGGCTCACGCCTGTAATCCTAACACTTTGGGAGGCTGGGGTGGGCGGATTACCTGAGGACAGGAGTTCGAGACCAGCCTGGCCAATTTGGTGAAACTCCGTCTCTACTAAAAATACAAAAATTAGCCAGGCGTGGTGGCGGATGCCTGCAATCCCAGCTACTCGGGAGGCTGAGGCAGGAGAATCGCTTGAACCCAGGAGGCAGAGGTTGCAGTGAGCCGAGATCATACTATTGCACTTTAGCCTGGGCGACAAGCAAAACTCCGTCTCAAAAAAGAAAAA"
"GL873528","8025903","8026200","KN296266v1","82515","82814","77","7943388","GGCTGGGCGTGGTGGCTCACGCCTATTGTCCCAGTGCTGTGGGAGGCGCAGGTGGGTGGATCACCTGTGTTCAGAGGTTCGAGGCCAGCATGAGCCAGAGTGAGACCCCGTCTCTACCAAAAATTGCCGGCGTTCTGGCAGGCGCCTGTAATCCCAGCTACTTGGGAGGCTGAGGCTAGGGAATCACTTAAACCCAGGAACCCAGGGGTTGGCAGAGGTTGCTGTGAGCTATGATTCCATGGTACTCTACTGAAGGACACAAAGTGACACTCTGTCTCCATAAAAAAAAATAAAATAA","GGCTGGGTGCGGTGGTACACGCCTATAATCCCAGAACTCTGGGAGGCCAAGGTGGGCGATCACCTGTGGTCAGGAGTTTCAGACCAGCATAGCCAACATGGTGAAACCCCGTCTCTACTAAAAATACAAAAAATTAGCCGGGCATGGTGGCGGGCACCTGTAATCCCAGCTACTCGGGAGGCTGAGGCAGGAGAATCACTTGAACCCGGGAGGCAGAGGTGGCAGTGAGCCAAGATCGTGCCATTGCACTCCAGCCTGGGTGACAAGAGTGAAACTCTGTCTCAAAAAAAAAAAAAAAAA"
"GL873529","4640275","4640468","KN294825v1","467615","467810","53","4172660","GGTGAGACCGTATCTCTACTCAAAGTGAAAAATTAACCAGGCATTGTGGCAAGAGCCTATAATCCCAGTTACTTGGGAGGCTGCTGTGGGAGGATTACTTGAACCCAGGAGTCTGAGATTGCTATGAGCTAGGCTGACAGCATGGCACACTAGCCTGGGCAAGAGGAGTGAGATTCTGCCTCAAAAAAAAAAAA","TGAAACCCCATCTCTACCAAAAATACAAGAAATTAGTTGGGCATGGTGGTGGACGCCTATAATCCCAGCTACTTGGGAGGCTGAGGCAGGAGAATCACTTGAACCCGGGAGGCAGAGGTTGCAGTGAGCCAAGATCGCACCATTGCACTCCAGCCTGGGCAACAAGAGCAAAACTCACTCTCAAAATAAAATAAAA"
"GL873529","5209881","5210148","KN294717v1","311839","312142","84","4898042","ACACCTATAATCCTAGCACTGTGGGAGGCCAAGGCAAATGCATTGTCTGAACTCACACATTGGAGGCAAGCCTGAGCCAGAGCGAGACCTCATCTCTATTAATAGCCAGGCATTGTGGCAGGTGCCTGTAGTCCCAGCTACTGGGGAGGCTGAGGCAAGAGAATCACTTGAGCCCGAGATACGGAGGTTGCTGTGAGCTGCCATGGCACTCTACTGAGGGCTACAAAGTGAAACTCTGTCTCCAAAAAAAAAAAAAACAAAGAAGAAA","CTCACGCCTATAATCCCAGCACTTTGGGAGGCCAAGGCAGGCAGATTACCTGAGGTCAGGAGTTTGAGACCAGCCTGGCCAACATGGTGAAACCCTGTTTCTACTAAAAATACAAAAAAAAAAAATTAGCCAGGCGTGGTGGCAGGCACCTGTAATCCCAGCTACTCGGGAGGCTGAGGCAGGAGAATCACTTGAACCCGAGAGGTGGAGGTTGCAGTGAGCTGAGAATGCGCCATTGCATTCCAGCCTGGGCAACAAGAGTGAAACTCTGTCTCAAACAAAAAAAAAAAAAAAAAGAAAGAAA"
"GL873530","9554474","9554748","KN294536v1","1829956","1830252","83","7724518","TGGCTCACACATACAATCCTAGCACTCTGGGAGGCTGAGGTTGGTATATTATCTGAGGACAGGAATTCAAGACCAGCCTGAGTCTATTACTAAAAATAGAAAAACTAGCCTGGCATTGTAGTGGGAGCACATAGTGCCAGCTACTCAAAGGCTGAGACAGGAGAATCACTTGAGCCCAAGAGTTTGAAGTTGCTTGAACTATGATACCATATCATTCTACCCAGGCAACAAGAGTGAGCCTGTGTCTCACAAAAAAAAACAAAACAAAAACAAAA","TGGCTCACATCTGTAATCCTAGCACTTGGGAGGCAAAGGTTGGTAGATTACTTGAGGTCAGGAGTTCAAGACCAGCCTGGCCAGCATGGTGAAATCCTGTCTCTACAAAAATACAAAAATTAGCCGGGCATGGTGGCACGTGCCTGTAATCCCAGCTGCTTGGGAGGCTGAGGCAGGAGAATCACTTGAACCTGGGAGGTGGAGGTTGCAGGGAGCCAAGATTACACCATTGCACTCCAGCCTAGGTGACAAGAGTGAAATTCTGTCTCAAAAAAAAAAAAAAAAAAAAAAAAGAAA"
"GL873530","14304588","14304872","KN294790v1","3961925","3962221","69","10342663","GGCTGGGCACAGTGGCTCACGCCTGCAATCCTAGCACTCTGGGAGGCTGAGGCAGGTGGATTGCCTGAGTTCAGGAGTTTGAGACCAGCCTGGGCAAGAGTGAGACCCCATCTCTAAAAAATAGCCAGGCGTTGTGGAGGGTACCTGTATTCCAAGCTACAGGTGAGGGTGAGGCAAGAGAATCACTTGAACCCAAGAGTCTGAGGTTGCTGTAAGCTATGACGCTATGGCACTCTACTGAGGGTAACGATGAAACTCTATCTCAAAAATAAAATAAAAAATAAA","GGCCGGGCATGGTGGCTCACGACTGTAATCCCAGCACTTTGGGAGGCTGAGGCAGGTGGATCACCCAAGTTCAGGAGTTCGAGACCACCCTGGCCAACATGGTGAAACCCCATCTCTACTAAAAATACAAAATATTGGGCGTGGTGGTGGGCACCTGTAATTCCAGCTACATGAGAGGCTGAGGCAGGAGAATCACTTGAACCTGGGAGGCAGAGGTTACAGTGAGCCAAGATCGCACCATTGCACTCCATCCTGGGCAACAAGAGCGAAACTCTGTCTCTAAATAAATAAAAAAAA"
"GL873530","35797741","35798022","KN296750v1","1312623","1312906","70","34485118","GGCCGGGGTGCAGTGGCTCACACCTATAATCCTATCACTCTGGGGGGCCAAGGTAGGTGGATTGCTTGAGATCAGGAGTTCGAGACTAGTCTGACCAAGAGTAAGACCCCATCTCTAAAAAAATTAGCTGGGCATTGTGGTGGGTGCCTGTAGTCCCAGCTACTTAGGAGACTGAGGCAAGAGAATCTCTTGAAGCCAAGCAATTGCTATGAGCTGTGATGCCATGGCACTCTACCAAGGGTGACAAAGTGAAACTCTGTCTCAATAATATTAATAAAAAAA","GGCCAGGTGCGGTGGCTCACCACTGTAATGCCAGCACTTTGGGAGGCCAAGGTGGGTGGATCACCTGAGATTAGGAGTTCGAGACCAGCCTGACCAACATGGTGAAACCCCGTCTCTACTAAAAATACAAAAATTAGCGGGGCATGGTGGCAGGTGCCTGTAATCCCAGCTACTCAGGAAGCTGAGGCAGGAGAATCGGTTGAACCTGGGAGCCAAGACCACGCCATTGCACTCCAGCCTGGGTGAAAAAGTGAAACTCTGTCTCAAAAATAAAAAAATAAAAA"
"GL873531","9868854","9869090","KN294520v1","1892270","1892516","85","7976584","GACCAGGCATGGTGGTTCATATCTGTAATCCTAGCATGATTTCTGGAATTCAACAGTTTGTGACCAGACTAAGCAAGAATGAGGCCTCATCTCTACTAAAAATAGAAAAATTAGCCAGGCATTTAAGTGGATGTCCATAGTCCCAAATACCTGGGAAGCTGAGGCAGGAGTTTGAGGTTGCTGTGAGCCAAGGTGAGGCCATGGCACTCTAACCCAGGTGACAAAGTGAAACTCTGT","GGCTGGGCGTGGTGGCTCACATCTGTAATCCCAGCACTTTGAGAAGCTGAGGTGAATGGAGTTCAAGACCAGCCTAGCCAACATGGTAAAATCCCGACTCTACTAAAAATACAAAATATTAGCCAGGCGTGGTGACGGGCGCCTGTAATCCCAGCTACTTGGGACATTGAAGCAGGAGAATTGCAGTGAGCCAAGATCGCCCTATTGCACTCCAGCCTGGGCAACAAGAGTGAAACTCTGTTTCAAA"
"GL873532","923361","923606","KN295607v1","3789954","3790205","70","2866593","GGCCAAGCATGGTGGCTCCCACCTATAATCCTAGCACTCTGGGAGGCAAGGTAGGCAAACTGCTTGAGCTTAGGAGTTCGAGACCACCCTGAACAACAATGAGACCCTGTTTCTACTAAAAATAGAAAAATTAACTAGGCATTGTGGGGGGCGCCTATAACCCTAGCAACTAGAAAGGCTGCGACAAAGAATGCTTGAGGTTGCTGAGAGCTATGATGACACCATGGCACTCTAGCCTGGGTGACA","GGCCGGGTGCGGTGGCTCACACCAATAATCCCAGCACTTCAGGAGGCCGAGGCAGGCGGATCACTTGAGGCCAGGAGTTCAAGGCCAGCCTGGCCAACATAGTGAAACCCCGTCTCTACTAAAAATACAAAAAATTAGCTACACATGGTGGTGGATGCCTGTAATCCCAGCTATTCGGGAGGCTGAGGCAGGAGAATCGCTTGAGCCTGGGAGGCAGAGGTTGGCACCATTGCACTCCAGCCTGGACAACAA"
"GL873532","1031400","1031671","KN295666v1","1382237","1382512","88","350837","GGTGGGGTGGCTCCCACCTGTAATCCTACACTCTGGGAAGCCTCAGGAGTTCAAGATCAGCCTGAGGAAGGGAGAGACCCCCAAAACTACTAAAAATAGAAAAACTAGCCAAGTTTTATGGTGGGCATATGGTTCCAGCTACTTGGAAGGCTCAGGTAGGAGGAAGATTTGAATCTGGGAGTTCGGGGGTTGCCGTGAGCGAGGCTGAGGCAAGTGTACTCTAGCCCTAGTGACAAGAGCCAGACTCTGCTCTATGAGGGAAAAACAACAAA","GGGCATGGTGGCTCACGCCTGTAATCCCAGCACTTTGGGAGGCCATGAGGTCAGGAGTTTGAGACCAGCCTGGCCAAGATGGTGAAACACCGTCTCTACTAAAAATATAAAAATTAGCCAGGTATGGTGGTGCACGCCTGTAGTCCCAGCTACTTGGGAGGCTGAGGCAGGAGAATTGCTTGAACCCAGGAGGCAGAGGTTGCAGTGAGCCAAGATCGTGCCATTGCACTCCAGTCTGGGCGACAAGAGTGAAACTCCGTCTGAAAAAAAAAGAAA"
"GL873533","14597761","14598072","KN295350v1","243779","244085","80","14353982","GGCCGGGCATGGTGGCTCGTGCCTGTTGTCCCAGCGCTGTGGGAGGCCAAGGCGGGTGGATCACCTGTGCTCAGAGGTTCAATTCCAGCATGAGCCAGAGTGAAAGCCAGTGTGAGACCCCGTCTCTACCAAAAATTGCCGGGCGTTCTGGCAGGCGCCTGTAATCCCAGCTACTTGGGAGGCTGAGGCTAGAGAATCACTTAAACCCAGGGACCCAGGGGTTGGCAGAGGTTGCTGTGAGCTATGATTCCATGGTACTCTACTGAAGGACACAAAGTGAAACTCTGTCTCCATTAAAAAAAAATAAATAAA","GGGCGGGCACGGTGGCTCACGCCTGTAATCCCAGCACTTTGGGAGGCCGAGGCGGGTGGATCACCTGAGGTCAGGCGTTTGAGACCAGCCTGGCCAACAGGGTGAAACCCCGTCTCTACTAAAAATACAAAAAATTAGCTGGGCATTGTGGCAGGCGCCTGTTAATCCCAGCTACTTGGGAGGCTGAGGCAGGAGAATCTCTTGAACCCAGGAGGCAGAGGTTACAGTGAGCCGAGATCGTGCCATTGCACTCCAGCCTGGGCAACAAGAGTGAAACTCTGTCTCAAAATTAAAAAAAAAAAAAAAA"
"GL873534","1102638","1102768","KN296921v1","458404","458529","51","644234","GGCACCTGTGATTGCAGCTACTCCAGAGGCCTGCTGTCTGCCCCAGGAGTCTGAGGTCCTAGCAAGCCAGATTGACACCATGGCACTCTATCCCCCGATGACAGAAACTGTCTCAAGACAAACAAAAACAA","ACTTGGGAGGCTGAGGCAGAAGAATCGCTTGAACCCAGGAGGCAGAGATTCCAGTGAGCCAAGATCGCGCCATTGCACTCCACCCTGGACAATAAGAGTGAAACTTCGTCTCAAAAAAAAAAAAAA"
"GL873534","21096646","21096869","KN297117v1","509678","509916","70","20586968","GGCCAGGTGTGGTGGCTAATGCCTGTAATCCTAGCACTTTGGGAGGCGGAGGAGGATTGCTTGAAGTCAGGAGTTCAAGAAATTAGGCAGGTGTTGGTGACAGTTGCCTGTGGTCCCAGCTACTCTGGAGGCTGAGGCAGGAGGATTTCTGAACCTGGGAGTTTGAGGTTGTAGTGAGCTGAGCCTGCCCTGTAGCCCAGGTGACAAGAGTGAGACTTCATCCC","GCTGGTCATGGTGACTCACACCTGTAATCCCAGCACTTTGAGAGGCCGAGGCAAGTGGATCATCTGAGGTCACGAGTTTGAGACCAGCCTGGCCATGGTGGCAGATGCCTGTATTCCCAGCTACTCTGGTGGCTGAGGCAGGAGAATGTCTTGAACCGGGGAGGTGGAGGTTGGAGTGAGCCGAGATCACCCCATTGCACTCCAGCCTGAGCAACAAGAGTGAAACTCCGTCTCAAAAA"
"GL873536","162582","162829","KN295405v1","666232","666480","62","503650","GGCCAGGTGCAGTGGCTCACATCTGTAATTCCAGCACTCTGGGAGGCTGAGGCAGGTGGATTGCCTCAACTCAAGAGCTCAAGAACAGTCTGAGCTAGAGACCCCTGTCTTTACCAAAAACAGAAAAAATAGTGGGGTGTTATGGCAGGTACCTCTATTCTCAGGTACTTGGGAGGCTGAGGCAGGAGAATCACTTGAACCCAGGGGCCTGAGGGTGCTGTGTGCTAGGCTGACACTATAGCACTCTA","GGCCGGGCGCAGTGGCTTACGCCTGTAATCCCAGCACTTTGGGAGGCTGAGGCAGGTGGGTCACCTGAGGTTAGGAGTTTGAGACCAGCCTGGACAACATGGTGAAACCCTGTCTCTGCTAAAAACACAAAAATTAGTGGGGCGTGGTGGCAGGCACCTGTAATCCCAGCTACTTGGGAAGCTGAAGCAGGAGAATAACTTGAACCCAGGAGGCGGAGGTTGCTATGAGTCAAGATTGCACCATTGCAC"
"GL873536","13728341","13728609","KN296311v1","8305619","8305894","79","5422722","GGCGGGGCATGGTGGCTTACACCTATAATCCTGAAACTCTGGGAGACTAAGACAGATTCCTTGAGGTCAGGAGTTTCAAGATTAGCCTAAACAAAGTGGGACCCCCATCTCTACTAAAAACAGAAAAATTTTAACCAGACCTTGCGGTGGGTGACTGTAACCCAGTTATTTGAGAGGCTGAGGCAGGAGGATCAATCACTTGAACTGTGAGCTAGGCTGACGCCATGGTACTCTAGCATGGGTGACAGTGACACTGTCTCAAAAAAAAA","GGCCGGGCGTGGTGGCTCACACCTGGAATCCCAGCACTTTGGAAGGCCAAGGCGGGTGGGTCACCTGAAGTCAGGAGTTTGAGACCAGCCTGGTCAACATGGTGAAACCCCATCTCTACTGAAAATACAAAAATTAGCTGGGCATAGTGGTGGGTTCCTGTAATCCCAGCTACTTGGGAGGCTGAGACAGGAGAATCGCTTGAACTCGGGAGGTGAAGGTTGCAGCCATTGTACTCCAGCCTGGGCAACAGGAGCAAAACTCTGTCTCAAAAAAAA"
"GL873537","5563206","5563333","KN296079v1","378212","378344","44","5184994","AAAAATTAGCCAGGCATGGTGGTGGGTGCCTGGAGGATCACTTGAACCCAGGATTTGAGGTTCCTATGAACTAGGCTGATGCTTGACACTCTCGCCTGGGCAAGAGTGAGACTGTCTCAAAAACAAAA","AATCTCAGCTACTCAGGAGACTGAGGCAGGAGAATCTCTTGAACCCAGGAGGTGGAGGCTGCAGTGAGCTGAGATCACATCATTGCACTCCAGCCTGGGTGACAAGAGTGAAACTCCATCTCAAAAAAAAAAA"
"GL873537","9752993","9753227","KN294571v1","799915","800146","58","8953078","TCAGGAGTTCAGCACAAGCCTGAGCAGTAGGACAACCCTATCTCTACTAAACATAGAATAGTTAGCTGGGTGTTGTGGCAGGCACCTATAGTCCCAGCTTCTTGGGAGGCTGAGGCAGGAGGATCACTTGAACGCAGGAGTCTGAGGTTTCTGTGTGCTAAGCTGGCACCATGGCACTGTAGCCTGGGCAACATGATGAAACTCTGTCTCAAAATAAATAAATAAATAAGAAAAA","TCGAGATCAGTCTGGCCAACATAGTGCAACCATGTCTCTACTAAAAATACAAAAAATTAGCTGGGTGTGGTGGTGGGTGCCTGTAATCCCAGGTACTTGGGGGGCTGAGGCAGGAGAATCTCTTGAGCCTGGGAGGCAGAGGTTGCAGTGTGCTGAGATGGCGCCATTGCACGTTAGCCTGGTCAACAAGAGGGAAACTCTGTCTCAAAAACAAACAAACAACAAAAACAAA"
"GL873537","14418510","14418774","KN295045v1","250723","250987","64","14167787","GGCCTGCCATGATGGCTCACATCTGTAATCCCAGCACTTTGGAGGCTGAGGCAGGAGAATCACTTGAGCTCAGAAGTTTGAGACCAGCCTAAACAAGAGGGAAACCCATTTCTACTAAAAATAGAAAAACTAACCAGGTGTTGTGGCAGGTGCCTATAGTCCCAGCTACTCAGGAGGTTTAAGGTTGCTGTGAGCTAGGCTAACACCATGGCACTCCAGCCTGAATAAGAGTGAGACTCTTATCTTTAAAAAATAAATAAATAAA","GGCCAGGCGTGGTGGCTCATGCCTGTAATCCTAGCACTTTGGGAGGCCGAGGCGGGCAGATCACTTTAGGTCAGGAGTTCTAGACCAGCCTGGCCAACATGGTAAAATTCCTTCTCTACTAAAAATACAAAAATTAAGCCAGGTGTGGTGGAGGGTGCCTGTAATCCCAGCCACTCAGGAGGCGGAGGTTGCAGTGAGCCGAGAGCACACCATTGCACTCCAACCTGGGGAACAAGAGTGAGATCCATCTCAAGAAAAAAAAAAA"
"GL873537","15194406","15194653","KN294540v1","886155","886414","59","14308251","GACTGGGCATGGTGGCTCATGCCTGTAATCCTAGCACTCTGGGAGGCTGAGGCAAGAGGATCCCCTGAGGTCAGAAGTTCAAGACCAGCATAAGTAAGAGTGAAATCCCATCTCTATTAAAAACAGAAAAATCAGCCAGGCATTGTGGTAGGTGCCTGCAGCTACTTAGAAGGTTGAGGCAGGAGAATCACTTGAGCCTGGAGTTTGAGGTTGTTATGAGCTAGGCTAACACCATGTCATTCTAGCCT","GGCTGGGCACCGTGGCTCATGCCTGTAATCCCAGCACTTTGGGAGGCTGAGGCAGGTGGATCACTTGAGGTCAGGAGTTCGAGACCAGCCTGGCCAACATGGAGAAACCCCATCTCTACTAAAAATACAAAAATTAGCCCCAGGCATGGTGGCAGTTGCCTGTAATCCCAGCTACTCAGGAGGCTGAGGCAGGAGAATCACTTGAACCTGGGAGGTGGAGGTTGCAGTGAGCCGAGATCATGCCATTGCACTCCAGTCTG"
"GL873537","16117278","16117500","KN294685v1","1320807","1321038","76","14796471","GTCAGGCACAGTGTCTCACCTATAATCCTAGCACTCTGGGAGGCCAAGGCAGGCAGATGCCTTGCGCTTAAGAGCAAAATTCTGACTCTATTAAAAATAAAAAAATTAGGCATTGTGATGGGCACAGCTATAGTCCCAGCTAGTAGGGAGGCTGAGGAAGGAGAAATGCTTGAGCCCAGAAGAGTGATGTGAGCTGTGATGATGCTTTGGCACTCAAACATGG","GGCCAGTGTGGTGGCTCACACCTGTAATCCCAGCACTTTGGGAGGCCAGAGTTCGAGACCAGCCTGGCCAACATGGTGAAACCCTGTCTCTACTAAAAACACAAAAAATTAGCTAGGCATGGTGGCAGGTGCCTGTAATCCCAGCTACTCAGGAGGCTGAGGCAGGAGAATCGCTTGAACCTGGGAGGCAGAGGTGGCAGTGAGCTGAGATTGTGCCATTGCACTCAATCCT"
"GL873539","19078258","19078547","KN294499v1","1257653","1257938","77","17820605","GGCCAGGCATGGTGGCTCACGCCTATAATCCCAGCACTTGGGAGGCTGAGGTGGGTATATTGCCTGAGCTCACAGGTTCCAGACCAGCCTGAGCCAAAATGAGAGCCCCCGTCTCTAAAAAATAGCTGGGCATTGTGGTGGGTACCTGTAGTCCCAGCTACTTGGGAGACTGAGGAAACAGAATTGCTTGAGCAGAAAAGTTTGAGGTTACTTTAACAAAAACATTTTTTAACATTCCAGCCTGAGCAAGAGCAAGAGCAAGACTCCATCTCTACCAAAAAATAGAAAAA","GGCCGGGCATGGTGGCTCACGCTTGTAATCCCAGCACTTTGGGAGGCTGAGGCAGGTGGATCACCTGAGCTCAGGAGTTCAAGACCAGCCTGGCCAACATAGGGAAACCCCATCTCTGCTACACAAATTAGCTGGGCTTGGTGGCGGGTGCCTGTAATCCCAGTTACTTGGGAGGCTGAGGTAGGAGAATTGCTTGGACCTGGGAGGCGGAGGTTGCAGTGAGCCGAGATTGTGCCAGTGCACAGCCTGGGCGACAAGAGCGAAACTGCATCTCTAAAAAAATAAA"
"GL873539","19357741","19357989","KN296635v1","4193600","4193850","55","15164141","GGCTGGGCACGGTGGCTCATGCCTGTAAACCTAGCACTCTGAGAAGCTGAGGCAGGTGAATCTCTTGAGCTCAGGAGTTCTAGATGAGCCTGAGCAAGAGTGACAACCTGCCTCTACTAAAAATAGAAAAACTAGCCAGGCGTTGTGGCGGGTGTCTGTAATCCCAGCTAATCAGGAGGCTGAGGCAAGAGAATCTCTTGAACTCAGGAGTTTGAGGTTTCTCTGTGTTAAGATGATGCCATGGCATTC","GCTGGGTGCAGTGGCTCATGCCTGTAATCCCAGCACTTTGGGAGGCCGAGGCAGGTGGATCTCCTGAGGTCTGGAGTTCAAGACCAGCCTGGTCAATGCGGTGAAACCCCCATCTCTACTAAAAATACAAAAAATTAGCCAGGTGTGGTGGTAGGCATCTGTAATCCCAGCTACTCAGGAGGCTGAGGCAGGAGAATCACTTGAACTCAGGAGGCAGAGGTTGCAATGAGCCGACATCACGCCATTACATT"
"GL873539","21198631","21198908","KN296205v1","605596","605883","78","20593035","GGCTGGGTGAGGTGGCTCATGTCTATAATTAGCATGCTGGGAAACCGAGGCAGGTGGATTGCCCGAGCTCAGGAGTTTGAGACTCCATGTAAGAATGAGACCCTGTCTCTATAAATAGCTGAGCATTGTGGTGGGTGCCTGTACATCTTATTTACTCAGGAGGCTGAGGCAAGAGAATCACTTGAGCCCAAGAGTTTGAGGTTGCTGTGAGCTTAGATGCCATGGCACTCAACCCCAGGAAGACAAGGTAGAACTCTGCTCAAAAAAAGAAAAAAGAA","GGCCAGGCACGGTGGCTCATGCCTATAATCCCAGCAGTTTGAGAGGCTGAGGTGGTGGATCACCTGAGGTCAGGAGTTCAAGACCAGCCTGGCCAACATGGTGAAACCCTGTCTCTACTAAAAATTAGCTGGGCATGGTGGCGGGAGCCTGTAATCCCAGCTAGTCAGGAGGCTGAGGCAGGAGAATCGCTTGAACCTGGGAGGCGGAGGTTGCAGTGAGCTGAGATGGTGCCATTGCACTCCAACCTGGGCAACAAGAGTCAAACTCTGTCTCAAAAAAAAAAAAAA"
"GL873539","21378910","21379175","KN296809v1","861144","861433","91","20517766","CACCTGTAATCCCAGCATTCTGGGAGGCCAAGGCAGGTGGATTACTTGAGCTCAGGAATTTGAGACCAGCCTGTTTCTACCAAAGATAGAAAAACTAGCTGAGTGTTGTGACGAGTGCTTGTAGTCTCAGTTACTTGGGAGGCTCAGGGAACAGGGTCACTCGAACCCAAGAGTTTGAGGTTGTTGTGATGCCATGGCACTCTACCCAGGGTGACAAGAGTCAAACTTTACCTCAAACCAAAGCAAAACAAACAACTAAAGAAAAA","CGGGCACAGTGGCTCATGCCTGTATTCCTAGCAATTTGAGAGCCTGTGGCGGGTGGATCACCTGAGTTCAGGAATTTGAGATCAGCCTGGCCAACATGGCTCTACTAAAAATATAAAAATTAGCTGGGCGTTGTGGTGGGTGCCTGTAATCCCAGCTACTCAGGAGCCTGAGGCAGGAGCATCACTTGAATCCAGGAGGTGGAGGTTATAGTGATCGCACCATTGCACTCCAGCCTGGGCAACAAGAGTGAAACTCTGTGTCAAAAAAAAAAAAAAAAAAAAAAAAAAAA"
"GL873540","12892297","12892554","KN295596v1","3219530","3219777","74","9672767","GGCCAAGTGTGGTGGCTCATGTCTGTAATCCTAGCACTCTGGAAGGTCAACACCAGTGGATTACCTGAGTTCACACTCACAAGTTCAAGACCAGCCTGAGCAAGAGTGAGACCCCTTCTTCACTAAAAACAGAAAAATTAGCTGGATGTCATGGTAGACACTTGTCATCCCAGCTACCTGGGAGGCTGAGACAGAAGAATTGCCTGACTCCAGAATTTTTAGGTTGCTGTGAGCTTTGACGCCTTGGCACTGTAGCCT","GACCGGGCACGGTGGCTCACGCCTGTAATCCCAGCACTTTGAGAGGCCAAGGCAGGTGGATCACCTGAGGTCAGAAGTTTGAGACCAGCCTGGCCAACATGGTGAAACCACATCTATACTAAAAACAGAAAATTAGCTGGGTGTGGTGGCGGATGCCTGTAATCCCAGCTACTCTGGAGGCTGAGGCAGGAGAATCGCTTGAACCCAGGAGGCAGAGGTTGCAGTGAGCTGAGATTGTGCCATTGTAC"
"GL873540","19103539","19103825","KN296726v1","549415","549699","64","18554124","GGCCAGGTGCAGTGGCTCACACCTGTAATCCTAACACTCTGGGAGGCTGAGGTGGGTGGATCCCCTGAGCTCAGAAATTCAACTAGCATGACACTGTCTCTACTAAAAATAGAAAAACTAGCCAAGTGATGTGGTGGGCACCTATAGTTCCAGCTACTCAGGAGGCTGAGGCCAGAGGATTATTGAACCCAGGTATATGAGGTTACTGTGAGCTATGATGATACCATGACACTCTACCCCAGGGTAAAAAGAGTGAAATTCTGTTTCAAGGAAAAAAAAAAAAGAAA","GGGTGCAGTGGCTCACACCTGTAATCCCAACACTTTGGGAGGTCGAGGCAGGTGGATCACCTGAGGTCAGGAATTTGAGACCAGCTTGACACCATCTCTACTAAAAATATAAAAATTAGCTGGGTGTGGTGGTGGGCGCCTATAATCCCAGCTACTCAGGAGGCTGAGGCAGGAGAATCGATTGAACCCGGGAGGCAGAGGTTGCAGTGAGCCGAGATCACGCCATTACACTCCAGCCTGGGTCACAAGAGCGAAATTCCTTCTCAAAAAAAAAAGAAAAAAAAA"
"GL873540","24210455","24210612","KN294991v1","1193540","1193701","40","23016915","CCAGGCATTGTGGCGGGTGCCTGTAGTCCCAGCAACTTGGGAGGCTGAGGCAAGAGAAGTGCTTTAGTCTGAGAGTCTGAGGTTGCTGTAAGCCATGAAGCCATGGCACGCTACCAAGGGTGACAAAGTGAAACTCTGTCCCAAAATAAATAAATAAA","TTAGCCAGGCATAGTGGCAGGTGCCTGTAGTCCCAGCTACTTGGGAGGCTGAGGCAGGAGAATCACTTGAATCTGAGAGGCTGAGGTTGCAGTGAACCAAGATCGTGCCATTGCACTGCAGCTTGAGCAACAAGAGGGAAACTCCATCTCAAAAAAAAAAAA"
"GL873541","2698283","2698557","KN294470v1","1144556","1144852","73","1553727","GGCTGGGCACAGTGGCTCACACCCGTAATCCTAGCACTCTGGGAGGCTGAGGTGGGTGGTTGCCTGAGCTTATAGGTTTGAGACCAACCTGACCCAGATCTCATCTCATCTCTAAAAATTGTTGGGTGTTGTGGCGGGTGCCTATAGTCTCAGCTACTTGGGAGGCTGAGGCAAGAGAATTGCTTGAGCCCAGGAGTTTGAGGTTGCTGTGAGCCGTGACGCTATGGCACTCTACTAAGGGTGACAAAGTGAAACTGCCCCCCCCCCAAAAAAAA","GGCAGGGCACAGTGGCTCACGCCTGTAATCCCAGCACTTTGGGAGGCCGAGGTGGGTGGATCACCTGAGGTCAGGAGTTTGAGACCAGCCTGGCCAACATGGTGAAACGACACTTCTACTAAAAATACAAAAATTAGTTGGGTGTGGTGGTGGGCGCCTATAATTCCAGATACTTGGGAGGCTGAGGCAGGAGAATTGCTTGAACCTGGGAAGCGGAGGTTGCAGTGAGCCGAGATGGCATCATTGCACTCCAGCCTGGGGTGACAAGAGTGAAACTCCGTCTCCAAAAGAAAGAAA"
"GL873542","8946420","8946716","KN296750v1","1312623","1312906","86","7633797","GGTCAGGCGCGGTGGCTCACGTCTATAATCCTAGTGCTCTGGGAGGCCGAGGCGGGTGGATTGCCCTGAGCTCAGGAGTTCGAAATCAACCTAAGCAAGAGTGAGATCTCGTCTCTACTCAAAGTAGAAAAACTAGCCGGGGGTTGTTTGTCATCCCCGGTGGGTGTTTGTCATCCCAGCCGCTTGGGAGGCTGAGGCAAGAGGATTGCTTGAGGTTGCTGTGAGCTGTGACGCCATGACACTGTCTAGCCTGGGGCAAGACAAGTGAGGCTCTGACTCAAAAAAAAAAAGGAAAAA","GGCCAGGTGCGGTGGCTCACCACTGTAATGCCAGCACTTTGGGAGGCCAAGGTGGGTGGATCACCTGAGATTAGGAGTTCGAGACCAGCCTGACCAACATGGTGAAACCCCGTCTCTACTAAAAATACAAAAATTAGCGGGGCATGGTGGCAGGTGCCTGTAATCCCAGCTACTCAGGAAGCTGAGGCAGGAGAATCGGTTGAACCTGGGAGCCAAGACCACGCCATTGCACTCCAGCCTGGGTGAAAAAGTGAAACTCTGTCTCAAAAATAAAAAAATAAAAA"
"GL873542","13049706","13050028","KN294705v1","1123965","1124275","83","11925741","GGCCAGGTACAGTGGCTCACACCTGTAATCCTAGTACTCTGGGAGACCCAGGAGGCACGGGGTGGGCGGGGGGGGGGGGTAGCTAAGCTCAGGAGTTCAAGACCAGCCTCACCAAAAGTGAGACCCCATTTCTACTAAAAATAGAAAAAATAGCCAGGCATTGTGGTGGGTGCCTATAGTCCCAGCTACTCAGGGAGACTGAGGCAGGAGGATCACTTAGGTTATAACCTAAGAGACTGAGGTTGCTGTGAGCTATGACGACCCATGGCACTTTTCTCAGGGCAATCAGGGAGGGACACTATGTCTCCAAAAAAAAAAAAAAA","GGCCAGGTGCGGTGGCTCATGCCTGTAATCCCAGCACTTTGGGAGGCTGAGGCGGCGGGGGGGGGGGGGGAAATCACCTGAGGTTCAGGAGTTCGAGACCAGCCTGGCCAACATGGCAAAACCCCAGCTCTACTAAAAATATGGAAATTAGCCAGGCATGGTGGTGGGCGCCTGTAATTCCAGCTACTCAGGAGACTGAGGCAGGAGAATCGCTTGAACCCAGGAGGCAGAGGTTGCAGTGAGCCAAGATCGTGCCATTGCACTCCAGCCTGGGCAACAAGAGCAAAAGTCCATCTCAAAAAAAAAAAAAA"
"GL873543","6797915","6798254","KN295205v1","1529789","1530089","99","5268126","GGCTGGGCATGTTGGATCACTCTTATAATCCCAGCACTCTGGGAGGCTGAGGTGGGTGGATTGCTTGAGCTGAGGAGTCAAGACTAGCCTGAACAAGAGTGAGACACCATCTCTACTAAAATACACCCATAAGCTGAGTAGTGTGGTGGGTGCCTGAGCTTTGTCTGCATAATTCTCTCACAGAGGCAAAACTCTGTGCCTCAGCTACTTGGGAGGCTGAGGCGGGAGGGTTGCTTGAACCTTAGAGTCTGAGGTTGCTATGAGCTGGGTTAACACCATAGCACTCTACCCTGGGCAACAGAGAGAGAGAGATTCTGTCTCCAAAAAAAAAAAAAAAAAA","GGCTGGGCATGGTGGCTCACACCTGTAATCCCAGCACTTTGGGAAGCCGAGGTGGGTGGATCACTTGAAATCAGGAGCTCAAGACCAGCCTGGGCAACATGGTGAAATCCCATCTCTACTAAAAATACAAAAAAACTAGCTGAGTGTGGTGGTGCATGCCTGTAATTGCAGCTACTCTGGAGGCTGAAGCAGGAGAATTGCTTGAACCTGGGAGGCAGAGGCTGCAGTGAGCCGAAGTCACGCCATTGCACTCCAGCCTGGGCAACAAAAGTGAAACTCTGTCTCAAAAAAAGAAAAAAAA"
"GL873543","12245544","12245821","KN297184v1","953765","954030","74","11291779","GGCAGAGCAAGTTGGTTCAAGCCTGTATTCCTAGTATTCTGGGAGGCCTAGGCTGGAGGGTCACTTAAGGTCTATAGTTTAAGACCAGCCTAAGGGAAAATGAGACCCCTGTCTCTACTAAAAAGTAGAAAAATTAGCTGGGGGTTGTGGAGGGCACCTGTAGTCACAGCTACTCAGGAGGCTGAGGCCGGAGGAACTAGGCATTACTGTGAACTAGGCTGATGCCATGGTACTCTAGCCAGGGGCAACAAGAGTGAGATTCCATCTCCAAAAAGAAA","GGCCAGCCATGGTGGCTCACGCCTGTAATCCCAGCACTTTGGGAGGCCAAGGCAGGTGGATGACCTGAGGTCAGCAGTTTGAGACCAGCCTGGCCAACGTGGTGAAGCCCCATCTCTACTAAAAATACAAAAATTAGCCAGGTGTGGTGGCAGGCGCCTGTAATCCCAGCTACTAGGGAGGCTGAGGCAGAGGATGCAATGAGCCGAGATCACGCCATTGTACTCCAGCCTGGGCAACAAGAGCGAAATTCCGTCTCAAAAAAAAA"
"GL873543","18043425","18043729","KN296921v1","772309","772621","63","17271116","GGCCAGGCTCAGTGGCTCATGCCTATAATCTTAGCACTCTGGGAGGCCAAGGTGGGTAGATTGCCTGAGCTCAGGAGTTCAAGACCAGCTTGACCAAAGTGAGATCCCCATCTCTACTAAAAATAGAAAAACTAGCCAGGCGTTGTGGTGGGTGCTTATCATCCCAGTCATTTAGGAGGCTGAGACAAGAGGATTGCTTGAGCCCAGGAGTTTGAGGTTGCTGTGAGCTAAGATGCCATGACAGTCAAACCCAGGGTGACAAAGTGAAACTCTGTCTCCAAAAAACAAAACAACAACAACAAAAA","GGCTGGGCATGGTGGCTCATGCCTGTAATCCCTGCACTTTGGGAGGCCAAGGTGGCTGGATCACCTGAGGTCAGGAGTTCAAGGCCAGCGTGGCCAACATGGTGAGACCCTGTCTCTACTAAAAATACAAAAATTAGCCAGGTGTGGTGGCAGGCGCCTGTAATCCCAGTTACTTGGGAGGCTGAGGCAGGAGAATTGCTTGAACCCAGGAGGCGGAGGTTGCGGTGAGCTGAGGTCATGCCATTGCACTCCAGCCTGGGGAACAAGAGTGAAACTCTGTCTCAAAAAAACAAAACAAACAAACAAACAAAAA"
"GL873543","19782653","19782877","KN294685v1","1320807","1321038","71","18461846","GGCCAGGCACAATGGCTCATGCCTATAATCCTAGTGCTCTGAGAGGCCAAGATGGGCAGATCACTTGAGCAAGAGTGAGACAACCTATCTCTATTAAAACAGAAAATATTAGCTGGGTTTCGTGGCAGGTCCTTGTAGTCCCAGCTACTTGGGAGGTTGAGGCAGGAGAATCCCTTAAGCCCAAGAAAATGAGGTTTCTGTGAGCTGTGACACCATGGTACTCTA","GGCCAGTGTGGTGGCTCACACCTGTAATCCCAGCACTTTGGGAGGCCAGAGTTCGAGACCAGCCTGGCCAACATGGTGAAACCCTGTCTCTACTAAAAACACAAAAAATTAGCTAGGCATGGTGGCAGGTGCCTGTAATCCCAGCTACTCAGGAGGCTGAGGCAGGAGAATCGCTTGAACCTGGGAGGCAGAGGTGGCAGTGAGCTGAGATTGTGCCATTGCACTCAATCCT"
"GL873544","10638015","10638179","KN295209v1","476112","476269","44","10161903","AGCCAGGAACGGTGGCTCAGGCCTGTAATCTCAGCTACTGGGAAAGGAGGCTGAGCCAGGATCATCACTTGAGCCCAAGAGTTGAAGGTTGCAATGAGCTGAGATTACACCATTGCACTCACATTGCTTGAGGGCAAGACCCTAACCCTAACTCAAAAAAGTAAA","TAGCCATGTGTGGTGGCGGGTGCCTGTAATCCCAGCTACTCAGGAGGCTGAGGCAGGAGAATCACTTGAACCCAGGAGGTGGAGGTTGCAGTAAGGCGAGATTGCACCATTGCAATCCAGCCTGGGTGACAAGAGCAAAACTCCATCTCAAGAAAGAA"
"GL873544","13181765","13182037","KN296062v1","1796687","1796987","71","11385078","GGCCGGGCGCAGTGGCTCACTCCTGTAATCCTAGCACTCTGGGAGGCCAAGGTGGGTAGATTGTCTGAGCTCTCAGGTTTGAGACCAGCTTGAGCAAGAGTGAAACATTGTCTCTAAAAATAGCCAGTGTTGTGGTGGGCACCTGTGCCCAGCTTTTCAGGAGGCTGAGGCAAGAGAATCTCTTGAGCCCGGAGGTTGCTGTGAGCTATGACACCATAGCACTCTACCAAGGGAGACAAAGCAAAACTCTGTCTCAAAAAAAAAAAAAAAAAA","GGCCGGGTGCAGTGGCTCACGCCTGTAATCCCAGCACTTTGGGAGGCCAAGGTGGGCAGATCACCTGAGGTCAGGAGTTGAGACTAGCCTGGCTAACATGGTGAAACCCCATTTCTACTAAAAATAAAAAGAATTAGCTGGATGTGGTGGCGCACACCTGTAATCCCAGCTACTCAGGAGGCTGAGGCAGGAGAATCGCTTGAACCCGGGAGGCGGAGGTTGCAGTGAGCTGAGATCGTGCCATTGCACTCCAGCTTGGGCAACAAGAGCAAAACTCTGTCTCAAAATAAAAAAAAAAAGA"
"GL873547","7053466","7053741","KN296915v1","232830","233109","94","6820636","CTGGGCAAGGTAGCTTATGCCTAACACTCTGGGAAGATGAGGGGGTGGAATGCCTGAGTTCACGGGTTTGAGACTAGCCTAAGCCAGAGTGAAACCTCGTCTCTAAAAATACCTGAGCATTGTGGCAGGCACCTGTAGTCCCAGCTACTTGGGACTGAGCAAAAGAATGCTGAGGCAAAAGAATGCTTAAGCCCAAGAGTCTGAGGTTGCTGTGAGCTGTAATGCCATGGCATTCAACCAAGAGTGACAAAAAAAAAAAGAAAGAAAGAAAGAAAA","GGCTGGGCATGGTGGCTCACGCCTGTAACTCCAGTACTTTGAGAGGCCGAGGCGGGTGGATCACCTGAGGTCAGGAGTTTGAGACCAGCCAGGCCAACATGGCAAAACTCTGCCTCTACAAAAATTAGCCGGGCATGGTGGCAGGCACCTGTAATCCCAACTACTCCTGGGGCTGAGGCAGGAGAATCGCTTGAGCCCAGGAGGTGGAGGCTGCAGTGAGCTGAAATTGTGCCACTGCACTCCAGCCTGGGTGACAAGAACAAAACTCCATCTAAAAAAA"
"GL873547","10785279","10785560","KN296865v1","1799108","1799406","70","8986171","GGTCAGGAGCAGTGGCTCACACCTGTAATGCTAGCACTCTGGGAGGCCAAGGCAGGAGGATTACTTGAGGTCAGAGTCTGAGACCAGCCTGACCCAGTATGAGACTCATCTCTACTGAAAACAGAAAAATGAGATGGATGTGTATCAGGTGCCTAAAATCCCAGCTATTGGGGAGCCTGAGGCAGGAAGTTTACTTGAGCCCAGGAGTTTGAGGTTGCTGTGACTAGGCCATGGCCCTCTACCCTGGGAGACAAGACTGTGTCTCAAAAAAATAAAAAAAAA","GGCCGGGTGTGGTAGCTCACACCTGTAATCCCAGCACTTTGGGAGGCCAAGGCAGGCGTATCACCTGAGGTCAGGAGTTCGAGACCAGTCTGACCAACATGGTGAAATCCCATCTCTACTAAAAATACAAAAATTAGGTGGGCTTGGTGGCAGCTGCCTGTAATCCCAGCTACTTGGGAGGCTGAGGCAGGAGAATTGCTTGAACCCGGGAGGTGGAGGTTGCAGTGAGCTGAGATTGTGCCATTGCACTCCAGCCTGGGGGACAAGAGCTTCTTTGTCTCCAAAAAAAAAAAAAAAAA"
"GL873548","16726047","16726338","KN296205v1","671612","671911","62","16054435","GGCTGGACATGGTGTCTCATGCCTGTAATCCCAGCACTCTGGGAGGCTGAGGTGGTGAATCACTTAAGCTCAGGAATTCAAGACCAGCCCAAGTGAGATTGAAACTCCCATCTGTACTAAAAATAGAAAAACTAGCCAGGTGTTTGGTAGGCACTTGGAGTCCCAGCTACTCAGGAGGCTGAGGCAAGAGAATCACTAGAACCCAAGAGTTTGAGGTTGCTGTGAGCTGTGACGCTATGGCACTCTACTAGGGGCAAGAAAGTGAAACTCTGTCTCAAAAAAAAAAAAAAAA","GGCTGGGCACGGTGGCTCATGCCTGTAATCCAAGTACTTTGGGAGGCTGAGGTGGGTGAATCACCTGAGGTCAGGTGTTCAAGACCAGCCTGACCGACATGGTGAAACCCTGTCTCTATAAAAATACAAAAATTAGCCAGGCGTGGTGGTGGGTGCCTGTAATCTCAGTTACTCAGGAGGCTGAGGCAGGAGAATCACTTGAACCCAGGAGGTGGAGGTTGCAGTGAGCTGAGATCACGCCATTGCACTCCAGTCTGGGCGACAAAAGCGAAATTCCATCTCAAAAAAAAAAAAAAAAAA"
"GL873552","13029755","13030029","KN295667v1","113157","113445","86","12916598","GGCCAGGTGCGGTGCAGTGCCTTGCCTCTATAATCTGGGAGACCAAGGTAGGTCGATTACTTGACATCAGGAGCCTGAGCAAGAGTGTAACACAGTCTCTACTAAAAATAGAAAAACTAGCCAGACATTGTGGTAGGCACCTATATTTTCACCCACTCAGGAGGCTGAGGCAAGAGGCTCACTTGAGCCCCCAAACTGGGGTTGCTGTGAGCTCTGATGATGCCATGGCCATCTACCCAGGGTGAAAGAGCGAAGGACTCTGTCACAAAAATAAA","GGCCGGGTGCGGTGGCTCATGCCTGTAATCCCAGCACTTTGGGAGGCCAAGGCAGGCGGATCACTTGAGGTCAGGAGTTCGAGAGCAGCCTGGACAACGTGGCAAACCCCGTCTCTGATAAAAATACAAAAATTAGCCAGGCGTGGTGGCAGGTGCCTGTATTCCCAGCTACTCAGGAGGCTGAGGCAGGAGAATTGCTTGAACCCAGGAGACAGAGGTTGCAGTGAGCCGAAATCATGCCATTGCACTCCAGCCTGGGCGACAAGAGCAAGACTCTGTCTAAAAAAAA"
"GL873553","4659359","4659664","KN295091v1","2420503","2420803","85","2238856","GGCCGGGCGCGGTGGCTCACTCCTTGTAATCCCAGCACTCTGGGAAGCTAAAGAAAGTGGATTCCCTGAGTTCACAGGTTTGAGACCTGTGCAAGACCTGTGCTCTTGCCTGAGCAAGAGCAAAACCCTGTCTCTAAAAATAGACAGGCACTGTGGTGGGCACCTGTAGTCCCAGCTACTTGGGAGACTGAGGCAAGAGAATAGCTTGAACCCAAGAGTTTGAGATTGCTGTGAGCTGTGATACCAGGGCACCATACTGAGGGTGACAAAAGTGAGACTCTGTCTCAAAAAATAAAACAATGAAAA","GGCCGGGCGCAGTGACTCACGCCTGTAATCCCAGCACTTTGGGAGGCTGAGGCAGGTGGATCACCTGAGGTCAGAAGTTTGAGACTGGCCTGGCCAATATGGTGAAACCCTGTCTCTACTAAAAATGCAAAAATTAGCCGGGCATGGGGGCTGGGGCCTGTAATCCCAGCTACTCGGGAGGCTGAGGCAGGAGAATTGCTTGAACCCAGGAGGTGGAGGTTGCAGTGAGCTGAGATTGCACCATTGCACTCCAGCCTGGGTGACAAGAGTGAAACTCCAGCTAAAAAAAAAAAAAAAAGAA"
"GL873553","5078351","5078649","KN294205v1","383302","383596","67","4695049","GGCCAGCCACAGGGGCTCATACCTGTAATCCTAACACTCTGGGAGGTCACGGTGGGAGGATCACCAGAGCTCAAGAGTTTGAGACTAGCCTGACTAAAGTGAAACCCCTTCTCTACTAAAACTAGAAAAATTAGCTGGGTGCTAATTTTTGGTGTGGCAGCCACCTGTAGTCCCAGCCACTTGGAAAGCTGAGGCAAGAGAATCGCTTGAGCCCAGGAGTCTGAGGTTGCTGTGAGCTAGGCTGACGTTATAGCACTCCAGCCTGGGCAAGAGTGAGACTCTGTCTTGGAAAAAAAAAA","GGCCAGGCATGGTGGCTCATGCCTGTAATCCCAGCACTTTGGGAGGCCGAGGTGGGTGGATCACCTGAGGTCAGGAGTTCGAGACCAGACTGACTAACATGATGAAACCCCATCTCTACTAAAAATACAAAAATTAGCTGAGTCTGGTGGTGGGCAACTGTAATCCCAGCTACTCAGGAAGCTGAGGCAGGAGAATCGCTTGAACCCAGGAAGCCGAGTTTGCAGTGAGCCGAGATCACGCCATTGCACTCTAGCCTGGGCCACAAGAGTGAAACTCTATATTAAAAAAAGAAAA"
"GL873553","7760540","7760816","KN294372v1","2275539","2275813","73","5485001","GTCAGGTATGGAGACTCACGCCTGTAATCCTAGCACTCTGGGACACTAAGGCTGGTGGATGCCTGAGCTCACAAGTTCCAGACCAGTCTGAGCAAGAGCGAGACCTTGTCTCTACTAGAAATAAAAAAACTAGCCAGGCATTATGGTGGGCACCTGTAGTCCCAGGTAGTTGGAGAGGCTGAGGCAAGAGCATCACTTGAGCCTGAGAGGCTGAGGTTGCTGTGAGCAGGTTGCTGTGAGCATGCCATGGTACTCTACCGGAGGTGACAAAGTGAAA","GGACAGGCGCAGTGGCTCACGCCTATAATCCCAGCACTTTGGAAGGCCGAGGCAGGTGGATCACCTGAGGTCAGGAGTTCAAGACCAGTCTGCCCAACATGGCAAAACCCCGTCTCTACTAAAAATACAAAAAATTAGCTGTGCATGATGGCGGGCACCTGTATTCCAAGCTACTCAGGAGGCTGAGGCAGGAGAATCACTTGAACCTGGGAGGTGGAGGTTGCAGTGAGCCGAGACCACGCCATTGCACTCCAGCCTGGGCAACAAGAGTGAAA"
"GL873553","8048971","8049227","KN295893v1","2413408","2413662","74","5635563","GGCAGGGTGTGGCTGCTCACGCTTGTAATCCTAGCACTCTGCCAGGCCAAGGCGTGAAGATAGCTTGAGGTTAGGAGTTGAGACAAACTGAGCTAATGGAGACACAGTCTCTACTAAAAAACAGAAAAATTAGCCAGTCATCACGGCCGGCACCTGTACTCCCGCTACTTGAGACATTGTAGTTGCTATAAGCTGAGCTGACACCATGGCACTCTAGCGGGGGCAAGAGACGGAAACTCTGTCTCCAGAAAAGAAAA","GGCTGGGCGTGGTGGCTCACATCTGTAATCCCAGCACTTTGGGAGGCGAGGCAGGTGGATTACCTGAGGTCAGGAGTTCAAGACCAGCTTGGCCAACATGGTGAAACCCTGTCTCTACTAAAAATACAAAAATTAGCCAGACATGGTGGCACGCATCTGTAATCTCAGCTACTTGGGAGGTTGAGGTTGCAGTGAGCTGAGATTGCACCATTGCACTCCAGCCTGGGCGACAACAAAACTATCTCAAAAAAAAAA"
"GL873554","15635409","15635751","KN295832v1","546215","546535","97","15089194","GGCCGGGCGTGGTGGCTCATGCCTGTTGTCCCAGCGCTGTGGGAGGCCGAGGTGGGTGGATCACCTGTGCTCAGAGGTTCGAGACCAGCATGAGCCAGAGTGAGAGCCAGAGTGAGACCTCATCTCTATCAAAAATTGCCAGGCGTCTGGCAGGCGCCTGTAATTCCAGCTACTTGGGAGGCTGAGGCTAGAGAATCACCTAAACCCAGGGACCCAGGGGTTGGCAGAGGTTGCTGTGAGCTATGATTCCATGATACTCTACTGAAGGACACAAAGTGAGACTCTGCCTCCATTAAAAAAATAATAATAATAAAAATAAAAGCAAAATTAAAAAAAAAGACAA","GGCCAGGTGTGTTGGCTCATGCCTGTAATCCCAGCACTTTGGGAGGCCGAGGCGGGTGGGTCACCTGAGGTCAGGAGTTCGAGACCAGCCTGGCCAACGTGGCAAAAGCCCATCTCTACTAAAAATATAAAAATTAGCTGGGCATGGTGATGCCTGTAATCCCAGCTACTCAGGAGGCTGAGGCAGGAGAATCACTTGAACCCAGGAGGTGGAGGTTGCCGTGAGCCAAGATTGCACCATTGCACTCCTGTCTGGGCAACAAGAGTAAAACTCCAACTCAAAAAAAAAAAAAAAAAAAAAAAAAAAAAAAAAAAAAAAAAA"
"GL873557","13264962","13265115","KN295302v1","340146","340305","57","12924816","GTGAGACCCTATCTTTACTAAAAATTGAAAAAAATAGCTAGGTGTTACGCTGGACACCTATACTTCCAGTTACTTGGGAGGCTGAAGGAAGAACCCAGAAATTTGAGGTTGCTATGATCTAGGCTGAAGCCATAGCACTCTAGCCTGGGTCACA","ATGGTGAAACCCCATCACTACTAAAAATACAAAAATTAGCTGGGCGGGGTGGCGGGTGCCTGTAATTCCAGCTCCTCAGGAGGCTGAGGCATGAGAACCCCTTGAACCTGGGAGGAGGTTGCAGTGAGCCAAGACTGCACCATTGCACTCCAGTCTGGGC"
"GL873558","1855031","1855324","KN294407v1","93660","93961","59","1761371","GGCACGGTGGCTCACACCTGTAATTCTAGCACTCTGCAAGGTCAAGGCTGGTGGATCACCTAAGCTCAGGAGTTTGAGACCAGCTTGAGCGAGAGTGAAACTCAATCTCTACTAAAAATAAAAATATTAGCTGGGTGTGGTGGTGGGAGCCTGTAGTTCTAGCTTCTTGGGAGGCTGAGGCAAGAGGATCATTTGAGCCCAGGAGTTTGAGGTTGCTGTGAGCTAAGAAGCCATGGCACTTTAGCCTACGGCAACAAAAGTGAGACTCAGTCTCAAAACAAAAAACCAAAAGAA","GGCCAGGCACGGTGGCTCACACCTGTAATCCCAGCACTTTGGGAGGCCAAGGCGGGTGGATCACCTGAGATCAGGAGTTCGAGACCAGCCTGACCAACATGGTGAAACCCAGTCTCTACTAAAAATACAAAAAATTAGCTGGGCGTGGTAGTGGGTGCTTGTAATCTCAGCTACTTGGGAGGCTGAGGCAGGAGAATCACTTGAACCTAGGAGGTGGAGGTTGCAGTGAGCCAAGATCATGCCATTGCACTTCTAGACTGGGCAACAAGAGCAAAACTCCGTCTCAAAAAAAAAAAAAAAAA"
"GL873558","10972075","10972339","KN297229v1","405977","406257","73","10566098","CACAGTGACTCATGCCTATGATCCTAGCACTCTGGGAAGCTGAGGCAGATGGATCACCTGAGCTCAGGAGTTTGAGACCAGCAAGAGTGAGACCTTATCTCTACTAAAAATAAAATACTATCCAGGGGTTGTGGTGGTCACCTCCCAACTACTCGGGAGCCTGAGGCAGAAGGATGGCTTGAGCCCAAGAGTCTGAGGTTGCTGTGAGCTGTGACACCATGGCACTCTACCCAGGGCAGCAAGTAGAGACTGTCTCTAAAATAAA","CGGTGGCTCATGCCTGTAATCCCAGCACTTTGGGAGGCTGAGGCAGCTGGATCACCTGAGGTCAGGAGTTCAAGACCAGCCTGGCCAACATGGTGAAACCCTGTCTCTACTAAAAATACCAAAAATTAGCCAGGCCTGGTGGCAGGCACCTGTAATCCCAGCTACTTGGGAGGCTGAGGCAGGAGAATTGCTGGAACCTGGGAGGCAGAGGTTGCGGTGAGCTGAGATCATGCTATTGCATTCCAGCCTGGGCACCAAGACGATACTCCGTCTCAAAAAAA"
"GL873558","14516615","14516886","KN296145v1","3493116","3493386","76","11023499","GGCCTGTAGCAGTGGCTCATGCCTATAATCCTAGCGCTCTGGGAGGCTGAGGTGGGTGGGTAGCCCTGAGCTCAGAAGTTAGAGACCAGCTGAACTAGAGTGAGACCCCATCTCTAAAACAAAATAGCCAGGCATTGTGGCCAGCACCTGCAATCCCCTACTTGGAGGCTGAGGACAAGAGAATTGCTTGAGAATCTGAGGTGAGCTGTGAAACTATGACACTCTACTGAGGGCACAAAGTGAAATGCCATCTCAAAACAAAGCAAAACAAA","GGCCAGGCGTGGTGGCTCACACCTGTAATGCCAGCACCTTGGGAGGCTGAGGCGAGTGGATCACCTGAGGTCAGGAGTTCGAGACCAGCCTGACCAACATAGTGAAATCCCGACTCTAAATACAAAATGAGCCAGGCATGGTGGTGGGCACCTGTAATCCCAGCTACTTGGGAGGCTGAGGCAGGGGAATCGCTTGAACCCGGGAGATGAAGGATGTGCTACACTCCAGCCCGGGCAACAAGAGTGAAACTCTACTCAAAAAAAAAAAAAA"
"GL873559","3859421","3859689","KN294949v1","1349210","1349492","72","2510211","GGCCAGGTGGTATGGCTCAGGCCTGTAATCCTAGCACTTTGGGAGGCCAAGCCAGGTGGATTACCTGAGCACACAAGTTCAAGACCAGCCTGATCAAGAACAAGACCTGATCTCTAAAAATAGCTGGATGTTGTGGAAGGTGCCTGTAGGCCCAGCTACTTGGGAGTCTGAGGCAAGAGAATTGCATGAACCAAGGGTTTGAGCTTGCTATAAGCTGAGATGCCATGGCACCTATGGAGGGCAACAAAAGTGAGACTCCGTCTCAAAAA","GGCTGGGTGCAGGGCTCAAGCCTGTAATCCCAGCACTTTGGGAGGCCAAGGTGGGTGGATCACCTGAGGTCAGGAGTTTGAGACCAGCCTGGCCAACCGTGCGAAACCCTGTTTCTAATAAAAATCAGCCAGATGTGGTGGTTGGTGCCTGTAATCCCTGCTACTTGGGAGGCTGAGGCAGGAGAATCACTTGAACCCAGGAGGTGGAGGTTGTAGTGAGCTGAGATTGCGTCATTGCATTCCAGCCAGGGCAACAAGAGCAAAACTCCATCTAAAAAAAAAA"
"GL873559","6584316","6584622","KN294806v1","998248","998555","74","5586068","GGCCAGGTAGAGTGGCTCATGTCTGTAATCTTAGCATTCTGGGATACAGAGCTGGGAAGATCACTTGTGGTCAGGAGTTCAAGACCAGCCTGAGCAAAAGTGAGACCCTGTCTCTACTAAAAAAAAAAAAAAAAAAAAAAAAAATTAGCCGGGTGTTTTAGTGGGTGCTTGTAATCCCAGCTACTCAGGAGGCTGAGGCAGGACCATTGCTTTAGCTCAAGAGATTGAGGTTTCTGTGAGCAAGGCTGAAGCCATGCCATGCTAGCCCAGGTGAGAACAAGATTCTGAAGATTCTGTCTCAAAAAAA","GGCCGGGTGCAGTGGCCCATGCCTGTAATCCTAGCACTTTGGGAGGCCAAGGCAGGCAGATCACCTGAGGTCAGGAGTTCAAGACCAGCCTGGCCAACATGGTGAAACCCGTCTCTACTGAAAAAAAAGAAAAAAAAAAAACACCCAAATTAGCCAGGCGTGGTGGTGGGTGCCTGTAATCCCAGCTACTCAGGAGGCTGAGGCAGGAGAATCGCTTGAACCCGGGAGGTGGAGGTTGCAGTGAGCTGAGATCATGCCATTGCTTTCTAGCCTGAGAGACAAGGGTGAAACTCCATCTCATAAAAAAA"
"GL873561","13989772","13990090","KN295350v1","243779","244085","87","13745993","GGCCGGGCGTGGTGGCTCACGCCTGTTGTCCCAGCTCTGTGGGAGGCTGAGGCGGGTGGATCACCTGTGCTCAGAGGTTCGAGACCAGCATGAGCCAGAAGGAGAGCCAGAAGGAGAGCCAGAGTGAGACCCCGTCGCAACCAAAAATCGCCGGGCATTCTGGCAGGCGCCTGTAATCCCAGCTACTCGGGAGGCTGAGGCTAGAGAATCACTTAAACCCAGGGATCCAGGGGTTGGCAGAGGTTGCTGTGAGCTATGTACTCTACTGAAGGACACAAAAGTGAGACTCTGTCTCCACTAAAAAAAATAAAAAACAAAA","GGGCGGGCACGGTGGCTCACGCCTGTAATCCCAGCACTTTGGGAGGCCGAGGCGGGTGGATCACCTGAGGTCAGGCGTTTGAGACCAGCCTGGCCAACAGGGTGAAACCCCGTCTCTACTAAAAATACAAAAAATTAGCTGGGCATTGTGGCAGGCGCCTGTTAATCCCAGCTACTTGGGAGGCTGAGGCAGGAGAATCTCTTGAACCCAGGAGGCAGAGGTTACAGTGAGCCGAGATCGTGCCATTGCACTCCAGCCTGGGCAACAAGAGTGAAACTCTGTCTCAAAATTAAAAAAAAAAAAAAAA"
"GL873563","7304402","7304686","KN294172v1","2722565","2722852","63","4581837","GGCTGGGCACAGTGCCTCACACCTGTAATGCCAGCACTTTGGGAGGCTAAGGTGGGTAGATAACCTGAGCTCAGGAGTTTGAGACCAGCCTGAGCAGGAGTGAGACCCCATCTCTACTAAGAATAGAAAATAACTAGCTGGGCACTTTGACAGGCACTTGTACTCCCAGCTACTCAGGAGGCTGAGGCAGGAGAATCTCTTGAATCCAGGAGTCTGAAGTTGCAGTGAGCTAGGCTGAGGCCATGGCACTTTAACCTAGGCCTGTATTAAAAAAAAAAAAAAAGA","GGCTGGGCGCAGTGGCTCATACCTATAATCCCAGCACTTTGGGAGAATGAGGTGGGTGGATCACCTGAGGTCAGGAGTTCGAGACCAGCCTGGCCAACATGGTGAAACCCCATCTCTACTAAAAATACAAAAATTAGCTGGGTGTGGTAGCATGTGCCTGCAATCCCAGCCACTCAGGGGGCTGAGGCAGGAGAATCTCTTGAATCCAGGAGGCGGAGGTTGCAGTGAGCAGAGATGGCGCCATTGTACTCCAGCCTGGGTGACAAGAAAAAGAAAAGAAAAGAAAGA"
"GL873563","8442180","8442469","KN296315v1","2350","2647","68","8439830","GGCCAGGCGTGGTGGATCACACCTGTAATCCTAGCACTCTGGAAGGCTGAGGTGGGTGGATTGCCTGAGCTCACAGGTTTGAGACCAGCCTGAACCAGGTGTGACTCCCCCCACCTCTAAAAATAGCTGGGTATTGTGGTGGGCACCTGTAGCCCCAGCTACTTGGGAGGCTGAGGCAAGAGAATCACTTGAACCCAAGAGTTTGAGGTTGCTGCAAGCTATTAAACCATGGCACTCTACTGAGGCTGACAAAGTGAAACTCTGTCTCAAAAAAAAAAAAAAAATAAAAA","GGCAGGGCGTGGTGGCTCACACCTGTAATCCCAGCACTTTGGGAGGCCGAGGCAGGTGGATCGCCTGAGGTCAGGAGTTTGAGACCAGCCTGGCCAACATGGTGAAACTCTATCTCTACAAAAAATTAACCAGGTATGGTGGGGGGGCACCTGTAATCCCAGCTACTTGGGAGGCTGAAGCAGGAGAATCACTCAAACCTGGGAGGCAGAGGTTGCAGCGAGCAAGATCATGCCATTGCACTCCAGCCTGGGCAACAAGAGCAAAACTCTGTCTCAAAAAAAAAAAAAAAAAAAAAAA"
"GL873564","1510465","1510755","KN294592v1","1319879","1320174","64","190586","GGCTGGATAAAATGGCTCATGCCTATAATCCTTGCACTCCAGGAGGCCAAGGTGGGTGGATTACTTGAGTTCAGGAGTTCAAGGACCAGCCTGAGCAAGAGTGAAACCCCATCTTTACTAAAAATAGAAAAACTAGCTGGTGTAGTGGTGGGCACCTGTAGTCCTACTTACTTGGGAGGCTGAGGCAAAAGGATCACTTGAACCCAAGAGTTTGAGGTTGCTGTGAGCTACAATGCCATGGCTCTCTACCCAGGGCAACAAGAGTTAAGACTCTATCTCAAAATAAATAAA","GCTGGACATGGTGGCAGACGCCTGTAATCCCAGCACTTTGGGAGGCCAAGGCGGGCAGATCACCTGAGGTCAGGAGTTCAAGACTAGCCTGGCCAACATGGTGAAACCCCATCTTTACTAAAAATACAAAAATTAGCCAGGCGTGGTGGTGGGCACCTGTAATCCCTGCTACTTGGGAGGCTGAGGCAGGAGAATCACTTGAACCCGGGAGGCGGAGGTTGCAGTGAGCTGAGACTGCACCATTGCACTCCAGCCTGGGCGACAAGAGGAAAACTCTGTCTCAAAATAAAAAAAAA"
"GL873567","11743953","11744262","KN295420v1","352009","352304","75","11391944","GGCTGGGTATGGTGGTTCATACCTATAATCCTAGCACTTTGGGAGGCTGAGGCAGGCAGAACACTAGAGCTCAGGAGTTCAAGACCAGCCTGACCAAGAGTGAGACCCCTCCACCCCCTACCCCAATCTCTGACTAAAAACAGAAAAACCAGCTGGATGTTGTGGTGGGTGCTCATAGTCCCAGCTGCTCCAGAGGCTGAGGCAGGGGGATTGCTTGAACCCAGGAGGTTGAGGTTGCTGTGAGCTAGGTTGAGGTCAGAACACTCTAGCCTTGGCCCTGGAAGTGAAACTGTCTCAAAAAAAAAAAAAA","GGCTGGGCACGGTGGCTCACACCTATAACCCCAGCACTTTGGGAGGCTGAGGTGGGCAGATCATCTGAGGTCAGGAGTTCGAGACCAGCCTGGTCAACAATGTGAAACCCCATCTCTACTAAAAATACAAAAATTAGACAGGCGTGGTGGTGCATGCTTGTAATCCCAGCTACTCGGGAGGCTGAAGCAGGAGAATTGCTTGAACCCAGGAGGTGGAGGTTGCAGTGAGTCAAGATCGTGCCATCGCACTCCAGCCTAGGCGACAGGAGCGAAACTCTGTCTCAAAAAAAAAAAAA"
"GL873569","9067468","9067722","KN295841v1","319403","319666","76","8748065","GGCCAGACACAGTGGCTGACACCTATAATCCCAGCACTCTTGAGAGGCCAAGGAGGGCAGATCACCTGAGCTCACAAGTTTGAGACCAGCCTGAGTTAGAGTGAAACCCCTCCTCTAAAAATAGATGGGGGTTGTGGCAGGTGCCTGTAGGCCCAGCTACTTGGGAGTCTGAGATTGCTGTGAGCTATGACACCATAGCACTCTACTGGGGGCGACAAAAGGAAGACTCTCATTAAAAAACAAACAAACAAAAAA","GTCAGACGCGGTGACTCATGCCTGTAATCCCAGCACTTTGGGAGGCCGAGGTGGGAGGATCACCTGAGGTCTGGAGTTTGAGACCAGTCTGGTCAACATGGTGAAACCCGGTCTCTACTAAAAATACAAAAATTAGCCGGGCGTGGTGGCCTGTGCCTGTAGTTCCAGCTACTCAGGAGGCTGAGGCAGGAGAATCACTATTGCACCCCAGCCTGGGTGACAAGAGCAAGACTCCATCTCAAAAAAACAAAATAAAATAAAAAA"
"GL873570","8615594","8615854","KN296311v1","605151","605426","87","8010443","GGCAGGGTGTAGTGGCTCAAGCCTATAATGCTAGCATGCTGGGAGGCTGAGGCAGGCAGAATGCTTGAGGTCAGGAGTTTGAGACCAGCCTGAGCAAGTGTGAGGCTTCCCCCTCCCCTGTCAGGTGTAGTGGTGGGTTCTTGTAGTAGTCCCAGATACTCTGCAGAAGGAAGCAGGAGAATCCCTTGAACCTAGGACTTTGAGGTTGCTCTAACTTAGGCTACAGCCTGGCATTCTAACCTGGGCAACAGGGGTGAGACT","GGCCAGGTGTGGTGGCTCATGCCTATAATCCCAGCACGTTGGAAGGCTGAGGCAGAGGGATCACCTAAGGTCAGGAGTTCAAGACCAGCCTGGCCAATGTGATGAAACCCCATCTCTGGGCATGGTGTTTAGCTGGGCATGGTGGTGCACGCCTGGAATCCCAGCTACTTGGGAGGCTGAGGCAGGAGAATCACTTGAACCCAGGAGGTGGAGGTTGCAGTGAGCCGAGATGGCGCTGTTGCATTCCAGCCTGGGCAACAAGAGCAAAACTCCATC"
"GL873571","7091234","7091495","KN294147v1","1295819","1296088","78","5795415","GGCCAGGCATGATGGCTCATGGCTGTAATCCTAGTACTCTGAGAGGCTGAGGCAGGTGGATCATCTGAGTTTGAGACCAGCCTGACCAGGGATGAAATTTAGTCTGTAAAAACAGTAGCTGGGAATTGTGACAGGCACCATAGTCTTAGCTACTTGGGAGGCTGAGGCAAGAGGATCTTATGAGCCCAAGAGCTTGAGGTTGCTGTGAGCTATGCCATGGCAGTCTACCAAGGGTGACAAAGCGAAACTCTGTCTCAAAAAA","GGCCAGGCACAATGGCTCATGCCTGTAATCCCAGCACTTTGGGAGGCCGAGGCAGGTGGATCATCTGAGGTCAGGAGTTCAAGATCTGAACCCCGTCTCGACTAAAAATAAAAAAATTAGCTGGGCATGGTGGCAGGTGCCTGTAAACGCAGCTACTTGGGAAGCTGAGGCAGGAGAATCGCTTGAATCCAGGAGGCGGAGGTTGCAGTCAGCCGAGATCGTGCCATTGCACTCCAGCCTGGGCGACAAGAGCGAAACTCCATCTCAAAA"
"GL873572","278680","278994","KN295624v1","6430","6722","111","272250","GGCAAGGCGCGGGTTCATGCCTGTAATCCCAGCACTCTGGGAGGCCAAGACAGGTGGATTGCCTGAGCTCAAAAGTTTAAGACCAGCCTGAGCCAGTGAGACGTCATCTCTAAAAATAGCTGAGTGTTGTGGTGGGTGCCTGTTGTCCCAGCTACTTGGTAAAGGGCGAAAGATTTATACGATTTGAAGAGAAACCAGAGTATGTCCCAGCTACTTGGGAGGCTGAGGCAGGAGAATCACCTAAACTCAGGAGTTTGAGGTTGCTGTGAGCTGGGATGCCATGATAATTTACTCTGTCTCAAAAAAAAAAAAAAA","GGCTAGGCGTGGTGGCTCATGCCTATAATCCCAGCACTTTGGGAAGCCAAGACAGGTGGATCACCTGTGGTCAGGAGTTCGAGACCAGCCTGGCTAACATGGTGAAACCCCATCTCTAAAAATACACAAATTAGCTGGGTGTGGTGACAGCTGCCTGTAATCCCAGCTACTCGGGATGCTAAGGCAAGAGAATTGCTTGAACCAGGAGGCAGAGGTTGCAGTGAGCCGAAATCACACCATTGCACTCCAGCCTGGCAACAAGAGATAAACTGTCTCAAAAAAAAAAAAAAAAA"
"GL873572","11496735","11497036","KN295459v1","219550","219848","77","11277185","GGCTGGGCACAGGGGCTCATGCCTATAATCCTAACACTCTTGGACGCCAAGGTGATAGGAACATCTGAGGTCATGAGCTCAAGATCAGCCTGAATGAGAGTGAGACCCCTCTTCTCTACTAAAATAAGAAAAAACAAGCCAAGCATGGTGGCAGGTGCCCGTAGTCCCAGCTACTCAGGAGGATGAGGCAGGAGAATCACTTGCACCCAGGAGTTTCAGGTTACCTGGTGTTTGGCTGATGCAATGGTACTCTGGCCTGGGCTACAAAATACATTCTGCCTCAAATAAAAAAAAAAAAGAAA","GCCGGGCACGGTGGCTCACGCCTGTAATCCTAGCACTCTAGGAGGCCGAGGGGGGTGGATTACCTGAGGTCAGGAGTTCGAGACCAGCCTGATCAACATAGTGAAACCCCGTCTCTACTAAAACTACAAAAATTGTTCAGGCGTGGTGGCGGATGCCTGTAGTCCCAGCTACTCAGGAGGCTGAGGCAGGAGAATCACTTGAACCTGGGAGGAAGAGGTTATAGTGAATCAAGGCCGTGCCATTGCACTCCAGCCTGGGCAACAAGAGTGAAACTCTGTCTCAAAAAAAAAAAAAAAAA"
"GL873576","6930773","6931062","KN296609v1","605910","606202","77","6324863","GGCTGGGCATGGTGGCTCACGCCTGTTGTCCCACCACTGTGGGAGGGTGAGGCAGGTGGATCACCTGTGCTCAGAGGTTCGAGACCAGCATGAGCCAGAGTGAGACCCCCATCTCTACCAAAAATTGCTGGGTGTTCTGGCAGGTGCCTGTAATCGCAGCTACTTGGGAGACTGAGGCTAGAGAATCACTTAAACCCAGGGACCCAGGGGTTGGCAGAGGTTGCTGTGAGCTATGATTCCATGGTACTCTACTGAAGGACACAAAATGAGACTCTGTCTCTATAAAAAAA","GGCTGGGCATGGTGGCTCACGCCTGTAATCCCAACACTTTGGGAGGCTGAGGTGGGGGGATCACCTGAGGTCAGGAGTTCGAGACCAGCCTGGCCAACATGGTGAAACCCTGTCTCTACTAATAATATAAAAATTAACTGGGTGTGGTGGCGCATGCCTGTAATTCCAGCTACTCGGGAGGCTGAGGCAGCAGAATGGCTTAAACCCGGGGAGGCAGAGGTTGCAGTGAGCCAAGATTGTGCCATGGCACTCCAGCCTGGGCAACAAGAGTGAAACTCTGTCTCCAAAATAAA"
"GL873576","10627558","10627613","KN296146v1","297164","297220","7","10330394","ACTCTAGACGGGGTGACAAGAGTGAGACTCTGTCTCAAAAAAAAAAAAAAAAAAAA","CACTCCAGCCTGGGTGACAAGAGCAAAACTCTGTCTCAAAAAAAAAAAAAAAAAAAA"
"GL873576","10697265","10697560","KN295984v1","1136723","1137018","64","9560542","GGCCAGGTACAGTGGCTCATGCCTGTAATCCTAACATTCTGGGAGGTTGAGGTGAGAGGATTCCTTGAGCTCCCAAGTTCAAGAATAGCCTGAACAAAAGTGAGACCCCTATCTCCACTAAAATTATAAAAATTAGCCAGGCATTTTGGCAGTCACCTGTATTCCCAGCTACTCGGGGAGGCTGAGGCAGAAGAACCTCTTGAACTTGGGAAATTGAGGTTGCTGTGAGCTAAGCTGATACCATGGCACTCTAGCCTGGAAACCAGAGTGAAATACGGTCTCAAAAAAAAAAAAAA","GGCCAGGCACAGTGGCTCATGCCTGTAATCCCAGCACTTTGGGAGGCTGAGGCGGGCAGATCACTTGAGGTCAGGAGTTCAAGACCAGCCTGGCCAACATGGTGAAACCCCATCTCTACTAAAAATATAAAAATTAGTTTGGCATGGTGGCAGGCGCCTGCAATCCCAGCTACTCGGGAGGCTGAGGCAGGAGAATTGCTTGAACCCAGGAGGTAGAGGTTGAAGTGAGCCGAGATCGTGCCATTGCACTCCAGCCTGGATGACAAGAGTGATACTGTCTCAAAAAAAAAAAAAAA"
"GL873577","2970847","2971141","KN295162v1","17369","17667","66","2953478","GGCCAGACACAGTGGCTCACACCTGTAATCCTAGCATTGTAGGAGGCTGAGGCGGGTGAATCACCTGAGTTCAGGAGTTTGAGACAGGCCTGAACAAGAGGAAAACCCTATCTCTACTAAAAATAGAAAAACTGGCCTGGTCTCACGGCAATTGCCTATAGTCCCAGCTACTTGGGAAGCTGAGGCAAGAGCATCATCTGAGCCCAAGAGTTTGAGGTTGCTGTGAGCTAGGCTAACACCATGGTTTTCTATCCAAGGTGACAAGAATGAGACTCCGTCTCAAAAAAAAAAAAAA","GGCCAGTCACGGTGGCTTACACCCGTAAACCCAGCATTTTGGGAGGCTGAGGCAGGTGGATCACCTGAGAGTCAGGAGTTCGAGACCAGCCTGACCAACAAGGTGAAACCCTGTCTCTACTAAAAATACAAAAATTAGCTGGGTGTGGTGCTTGGCACCTGTAATCCCAGCTACTTGGGAGGCTGAGGCAGGAGAATCACTTGAGCCCAGGAGGTGGAGGTTGCAGTGAGCTGAGATCATACCATTGCACTCCAGCCTGGGTGACAAGAGTGAAATTCCATCTCAAAAAAGATAAAAAA"
"GL873578","6419081","6419391","KN295034v1","63947","64249","72","6355134","GCCAGGTGTGGTGGCTCATGCCTGTAATCCTAGCACTCTGGGAGGCCAATGTGGGTGGATCACCTGAACTCAGGAGTTTGAGACCAGCCTGAGCAAGAGTGAGACCATATCTCTACTGAAAAAGAAAACAGAAAAACTAGCTGGGCATTGTGGTGGGCAGCTGTATAAGCCCAGATACTTGGGAGGCTGAGACAAGAGGATAGCTTGAGCCCAAGAGGTTGACATTGCTGTGAGATTGTGAGATACAACGTCATAGCATTCTACCTAGGGTGAATGAGTGAAATGGTCCCAAACAAAACAAACAAACAAAA","GCCAGGTGCAGTGGCTCACACCTGTAATCCCAGCACTTTGGGAGGCCAAGGAGGGTGGATCACCTGAGGTCAGGAGTTTGAGACCAGCCTGACCAATATGGTGAAACCCCATCTCTACTAAAATACAAAAAATTAGCTGGGCGTGGTGGTAGGCATCTGTAATCCCAGCTACTTGGGAGGCTGAGGCAGGAGAATCGCTTGAACCCAGGAGGGAGAGGTTGCAGTGAGCCAGGATTGCACCATTGCACTCCAGCCTGGGCAGTAAGAGCGAAACTCCGTCTCAAAAAAAAAAAAAAAAAAAAA"
"GL873579","2703879","2704159","KN296589v1","422273","422542","96","2281606","GACCAGATATGGTGGCTCATGCCTAGCACTGGGAGGCCAACGTGAGAGGATCCTTTGAGCTCAGGAGTTGGAGACCAGTCTGAACAAGAAAGAAACCCATCTCTACTACTTAAAAATAAAAAAAGAAGAAGAAATCTTTGCTTAGCGTTGTGATAGATAACTGTAATTCCAGCCACTGAGGAGACCAAGGCAGAAGGATCCCCTGAACCTAGTAGTCTAGAGTGAATTAGGCTGAGACCATGGAACTCTGGCCTGAAACAAAAAAAAACAAAAAAAAAAAA","GGGCATGGTGGCTCACACCTGTAATCCCAGCACTTTGGGAGGCTAAGGCGGGTGGATCACCTGAGGTCAGGAGTTCAGACCAGCCTGGCCAACATGGAAAAACCCCGTCTCTACTAAAAATACAAAAAAAAAAATTAGCCTGGCGTGGTGGTAGGTGCCTATAATCCCAGCTACCCAGGAGGCTGAGGCAGGAGAATCACTTGAACCTGGGAGGCACTCCAGCCTAGGCAACAAGATCGAAACTCTGTCTAAAAAAAAAGAAAAAAAAAA"
"GL873579","5647017","5647309","KN295835v1","104111","104412","92","5542906","GTGTGGTAGCTCACGCCTATAATCCTAGCACTCTAGGAGCAGAGGCAGGACCATCACCCGAGCTCAGGAGGTGGACACCTACAGCAAGACAACACCTCCCCCTCCCCACTAACAACAGACAAAATCAGCCAGACATTGTGGCGGGCATCTGTACTCCCAGCTACTTGGTAAGCTGAGGCATCACTTGAATCCAGAAGATTGTGGTTGCTGTGAGGTAGGCTGATGGCATGACACTCTAGCCTGAGCTTTGTCTCAAAAGACTTTGTCTCAAAAAGAAAACAAAACAAAAAAAA","GGCACGGTGGCTCACGCCTGTAATCCCAACAATTTGGGAGGCTGAGGCGGGCAGATCACTTGGGGTCAGGAGTTCGAGACCAGCCTGACCAGCATGGCAAAACCCCATCTCTACTAAGAATACAAAAATTAGCCAGGCATGGTGGCAGGTGCCTCTAATCCCAGCTACTCAGGAGGCTGAGGCATGAGAATCACTTGAACCCGGGAGGCGGAGGTTGCAGTGAGCTGAGATTGTGCCACTGCACTCCAGCCTGGGTGACAAAAGCAAAACACTCTGTCTCAAAAAAAAAAAAAAAAAAAAAA"
"GL873583","6014450","6014641","KN295667v1","271386","271586","63","5743064","TGAAGTCAAGATTTCAAGAACAGCCTGAGTCAAATGAGACCCTGTCTCTACTAAAAATAGAAAAATTAGCCAGGTGTGGTGGGCAACTCTGGTCCCACCTACAGACAGCAGGGGAATTGCTTGAGCCCAGGAGTTTGAGGTTGCTGTGAGCTGGGATGAGGCCATGGCAATCTCGCCTGGGCAAAATAGAGC","GATCAGGAGTTCGAGACCAGCCTGGCCAACATGGTGAAAACCTGTCCCTACTAAAAATACAAAAATTAGCTAGGCATGCTGGTGGGTGCCTGAAATCCCAACTACTTGGGAGGCTGAGGCAGGAGAATCGCTTGAACCCAGGAGGCAGAGGATGCAGTGAGCTGGGTGTGCCATTGCACCCCAGGCCGAGTGGGCCAGAGC"
"GL873584","7225077","7225325","KN296280v1","120827","121074","54","7104250","GGCTGGGTGCAGTGGCTCACATCTGTAATCCTAGCACTCTGGGAGGCTAAGGCAAATGGGTCACCTCAGCTCAGGAGTTCAAGACCAGCCTGACCAAGACTCAGACCCCATCTTTACTAAAAATAGAAAAATTAGCCAGGCGTGGTGGCAGGCACCTGTAGTCCCAGCTACTCAGGAGGCTCAGGCAACAGGATTGCTCGAAGTCAGGAGTTTGAGGTTACTGTGAGCTACAATGCTGCCATGGCACTC","GGCCAGGTGCAGTGGCTCACGCCTGTAATCTCAGCACTTTGGGAGGCCAAGGCAGGTGGATCACCTGAGGTCAGGAGTTCAAGACCAGCCTGGCCAACGTGGTGAAACCCCATCTCTACTAAAAATACAAAAATTAGCCAGGGGTGGTGGTAGGTGCCTGTAATCCCAGCTACTTGGGCGTCTGAGGCAGGAGAATCACTTGAACCCAGGAGGCGGAGGTTGCAGTGAGCCTAGATCATGCCATTGCA"
"GL873587","5785243","5785451","KN296090v1","122633","122847","56","5662610","AAGAATTTGAGACCAGCCTGAGCAAGAGTGAGACCCTGTCTCTACTAAAAATAGAAAAACTAGCCAGGTGTGGTGGTGGGCACCTATAGTCCCAGCTACTTGGGAAGCTAATGTAGGCCGATCGATCAAGCCAAGAGTTGCTAGGATGCCATGGCACTCTACCAAGGGTGACAAAATGAAACTCTGTCTCAATAAAATAAAAAATAAAA","AGGAGTTCAAGACCAGCCTGGCCAACATGGTGAAACCCCATCTCTACTAAAAATATAAAAATTAGCCAGGTGTGGTGGCAGGCGCCTGTAATCCCAGCTACTTGGGAGGCTGAGGAAGGAGAATCGCTTAAACCCAGGAGGCGGAGGTTGCAGTGAGCCGAGATCACTAGGCGACAAGAGTGAAACTCCGTCTCAGAAAAAAAAAAAAAAAAAAA"
"GL873587","5785739","5785816","KN297008v1","4997579","4997662","26","788160","CAGTGGCTCTTGTGTGTAATCCTAGCACTTTGGGAGGCGAAGGTGGGTGAATCACTTCAGCTCAAGAATTTGAGACCA","CCAGGTGTGGTGGTTCACTTTGGGAAGCCCAGCACTTTGGGAGGCCGAGGCGGGCAGATCACCTGAGGTCAGGAGTTTGAGACC"
"GL873590","8331748","8332038","KN295356v1","978801","979084","87","7352947","GGTCAAGCACTGTGGCTCATGACTGTAATTCCAGAACTCTGGGAAGCCAAGGCAGGTGAATTGTCTGAGCTTACAGGTCAAGACCAACCCAAGCCCCAGTGGGGGGGTGGGGGACTGTCTCTAAAATATAGCCAGGTGTTATAGTAGGCACCTGTAGTCCCAGCTACCTGGGAGAATGAGGCAAGAGAATCACTTGAACCGGAGAGTTTGAGGTTTCTGTGAGGTAAGATGCCATGGCACTCTACCAAGGGTGACCAAATGAAACTCTAACTCAAAAAAAAAAAAAAAAAA","GGCCAGGCACAGTGGCTCATGCCTGTAATCCCAGCACTTTGGGAGGCCAAGGGAAGTGGATTACCTGAGGTTGGGAGTTCGAGACCAGCCTGGCCAAGCAACATGGTGAAACCCTGTCTCTACTAAAAATACAAAAATTAGCCAGGTGTGGTGGTGGGCACCTGTAATCCCAGCTACTTGGGAGGCTGAGGCAGGAGAATCACTTGAACCTGGGAGGTGGAGTTTGCAGTGAGCCATTGCACTCCAGCCCGGGTGACAAGAGAAAAAAAAACAAAAAAAAAGAA"
"GL873590","8431021","8431296","KN294842v1","1078091","1078388","81","7352930","GGCCAGGCAGTGGCTCACACCTATAAATCTAGCTGAGGCAGGTGGATCGCTTGACATCAGGAATTCAAGACCAGCCTCAGTAAGGAAACTCTGTTTCTACTAAAAAATTAGAAAAACTTGCCAGGTGTCATCGCAGACGCCAATATTTCCAGCTACTCGGGAGGCTGAGGCAAGAGGATCTCTTTAACCCCAGAGATTGAGACTGCTGTGAGCTGTGATGTTGCCATAGTACTTTACCCAGGGTGACACAGAGCAAGACTCAAAAAAAAAAAACAA","GGCCGGGCCGGTGGCTCACACCTATAATCCCAGCACTCTGGGAGGCCGAAGCAGGTGGATCACTTAAGGTCAGGAGTTCAAGACCAGCCTGGCCAACACGGTGAAACCCCGTCTCTACTAAAAATACAAAAAAATTAGCCAGGTGTGGTGGTGGAAGCCTGTAATTCCAGCTACTCGGGAGGCTGAGGCAGGAGAATCTCTTGAACCCGGAAGGTGGAGGTTGCAGTGAGCCAAGATTGCGCCATTGCACTCTAGCCTGGGCAACAAGAGCAAAACTCTGTCTTAAAAAAAAAAAGAA"
"GL873592","8732015","8732299","KN296205v1","605596","605883","74","8126419","GGCCAGGCAAGGTGACTCATGCCTGTAATCCTAGCACTCTTGGAGGCTGAGGTAGGTGGATTGCCCTGACCTCACAGGTTCGAGACCAGCCTGAGCAAGGGGGAGACCCCCATCTCTACAACTAGCCAGGTATTGTTTTGGGAGCCTGTAATCCTAGCTACTCTGGAGGCTGGGGCAAGAGAATTGCTTGAACCTAAGACTTGGAGGTTGCTGTGAGCTTTAATGCCATGGCACTCTACCAAGGGTGACAAAGGGAACTCCGTCTCAAAAAAAAAAAACAAAAAA","GGCCAGGCACGGTGGCTCATGCCTATAATCCCAGCAGTTTGAGAGGCTGAGGTGGTGGATCACCTGAGGTCAGGAGTTCAAGACCAGCCTGGCCAACATGGTGAAACCCTGTCTCTACTAAAAATTAGCTGGGCATGGTGGCGGGAGCCTGTAATCCCAGCTAGTCAGGAGGCTGAGGCAGGAGAATCGCTTGAACCTGGGAGGCGGAGGTTGCAGTGAGCTGAGATGGTGCCATTGCACTCCAACCTGGGCAACAAGAGTCAAACTCTGTCTCAAAAAAAAAAAAAA"
"GL873596","1800894","1801202","KN296191v1","1394742","1395043","78","406152","GGCCGGGCGTGGTGGTTCATGCCTGTTGTCCCAGCGCTGTAGGAGGCTGAGGTGGGTGGGTCACCTGTGCTCAGAGGTTTGAGACCAGCATGAGCCAGAGTGAGAGCCAGAGTGAGACCCTGTCTCTACCAAAAATTGCCGGGCGTTGTGGCAGGCGCCTGTAATCCCAGCTACTTGGGAGGCTGAGGCAGGAGAATCACTTAAACCCAGGGACCCAGGGGATGGCAGAGGTTGCTGTGAGCTATGATTTCACAGTACTCTACTGAAGGACACAAAGTGAAACTCTGTCTCCATTAAAAAAAAAAAAAA","GGCCAGGTGTGGTGGCTCATGCCTGTAATCTCAGCACTTTAGGAGGCCGAGGTGGGCGGATCACCTGAGGTCAGGAGTTTGAGACCAGCCTGCTCAACATGGGAAAACCTCATCTCTACTAAAAATACAAAAAATTAGCCGGGAGTGGTGGCAGGCGCCTGTAATCTCAGCTACTCGGGAGGCTGAGGCAGGAGAATAGCTTGAACCAGGGAGGCAGAGAAGGTTGCAGTGAGCCAAGATCGCACCACTGCACTCCAGCCTGCATGACGAGAGTGAAACTTTGTCTCAAAAAAAAAAAAAAA"
"GL873597","4710234","4710525","KN295236v1","4486148","4486437","112","224086","GGCCCTGCACAATGGCCTGCCCTTATAATCCCAGGGCTCTGGGAGCTGAGGTGGGAAGATCCCTTGAGCTCAAGACCAGCCTGAGCAAGAGTGAGATCCCATCTCTACTAAAAATAGAAAAATTAGCCAGGCATTGTGATGGGTGCCTGTTAACCCAGATNNNNNNNNNNNNNNNNNNNNNNNNNNNNNNNNNNNNNNNNNNNNNNNNNNNNNNNNNNNNNNNNNNNNNNNNNNNNNNNNNNNNNNNNNNNNNNNNNNNNNNNNNNNNNCTCCAAAAAAAAAAAAAAAAAAA","GGCCAGGTGCAGTGGCTCGGGCCTGTAATCCCAGCACTTTGGGAGGCTGAGGCGGGTGGATCACTTGAGGTCAGGAGTTCAAGACCAGCCTGGCCAAGATGGTGAAACCCCATCTCTNNNNNNNNNNNNNNNNNNNNNNNNNNNNNNNNNNNNNNNNNNNNNNNNNNNNNNNNNNNNNNNNNNNNNNNNNNNNNNNNNNNNNNNNNNNNNNNNNNNNNNNNNNNNNNNNNNCGCCGGGGAGAAAAAAGGGAAAACCCCTCAAAAAAAAAAAAAAAAAAAAAAAAAAAAAA"
"GL873599","209575","209842","KN294957v1","58891","59154","73","150684","GGCTAGATGCAGTGCCTCACACCTGTAATCCTAGCACTCTGGGAGGCTGAGACAGGCCAACTACTTGAGATCAGGAGCTGAAGACCAGCCTGAGCCAAAGAAAGATCCCATCTCTACTAATAACAGAAAAATTAGCCAGGCCTTGTGGTAGGCACCTATAGTCCCAGCTATTTGGGAGACTGAGGCAAAAAGGCCACTAACTAAAGCCATGATGCCTTAGCACTCAAGCCAGGAGAAAAGAGTGAGATTCTGTCTCAAAAAAATAAAA","CTGGGCACAGTGGCTCACACCTGTAATCCCAGCACTTTGGGAGGCCGAGGCAGGTGGATCACCTGAGGTTAGGAGTTCAAAACCAGCCTGGTTAACATGGTGAAACCCATCTCTACTAAAAATACAAAAATTAGCTGGGCGTGGTGGCGGACACCTCTAATCCCAGCTACTCGGGAGGCTGAGGCAGGAGGCGGAGGTGCCAAGATTGTGCCATTGCACTCCAGCCTGGGTGACAAGAATGAAACTCTGTCTCAAAAAAAAAAA"
"GL873599","3476511","3476695","KN295274v1","16651","16841","44","3459860","CCTGTCTCTACTAAAAATAGAAAAATTAGCTAGGTGTTGTAGCAGGCACCTGTAGTCCCAGCTACTTGGGAGGCTGAAGCAGGAGGATTGCTAGAACTTGGAAATCTGAAGTTGCTGTGAGCTGGGCAAATGCCATAGCACACTAGCCTGGGCCAAAAAATGAAACTGTCTCAAAAAAAAAAAAA","CCCTGTCTCTACTAAAAATACAAAAATTAGCTGGGTGTGGTGACAGGCACCTGTAATCCCAGCTACTTGGGAGGCTGAGGCAGGAGAATCACTTGAATCTGGGAGGCAGAGGTTGCAGTGAGCTGAGATTGCGCCACTGCACTCCAGCCTGGGTGACGAGAGCGAAACTCCATTTAAAAAAAAAAAAAAAA"
"GL873601","3375101","3375350","KN295667v1","418942","419199","65","2956159","GGCCAGGAGCAGTGGCTCACGTAATCCTAACACTCTGGGAGGCTGAGGCAGGTAGATCACCTGAGCTCAGGAGTTCGAGAGCAGCCTGAGCATTGAGCGATACCTCAACTCTGATAAAAACAGAAAAACTAGTTGGGCATTCTGGCAGGTACATGTAGTCTCAACTGCTCAGGAGGCTGAGGCAAGAGGATCGCTCAAGCCCAAGAGGTAGAAGTTGCTGTGAGCTAGATGACACCATGGCACTCTATCC","GGCTGGACGCAGTGGCTCACGCCTGTAATCCCAGCACTTTGGGAAGCCGAGGCAGGTGGATCACCTGAGGTCAGGAGTTTGAGACCAGCCTGGCCAACATAGTGAAACCCATGTCTACTAAAAATACAAAAAAGTAGCTGGGTGTGGTGGCAAGCACCTGTAATCCCACCTACTCAGGAGGCTGAGGCAGGAGTATCGCTTGAACCCAGGAGGTGGAGGTTGCAGTGAGCCAATATTGCGCCATTGCACTCCAGCCTG"
"GL873603","3823922","3824228","KN294207v1","628378","628685","82","3195544","GGCTTAGTAGCTCATGCCTGTAATCCTAGCACTCTGGGAGGTGGAGGCAGGAGGTTTCCCTGAACTCAGGAGTTGAGATCAGCCTGAGCAACGGTGAAACCTTGTTGCTACTAAAGATAGAAAAATTACCAGATAAGCTGGGTGTTGGGGCGGATACCTGTAGTCTCAACTACTGGGGAGGCTGAGGCTGGAGAATCACTTGAATCCAAGAGTTGAGGTTGATACTGAGCTAGGCAAAAGCTCTGGCACTCTTTCCTGGGCAAGGCTAAGACTCTGTCTTAAAATAAAATAAAATAAAAACATAAAA","GGCCGGGCATGGTGGTTCATGCCTGTAATCTCAGCACTTTGGGAGGCCGAGGCAGGTGGATCACTTGAACTCAGGAGTTCAAGACCAGCCTGGCCAACATGGTGAAACCCTGTCTCTACTAAAAATACAAAAATTAGCCAGGCGTGGTGGTGGCGGGTACCTGTAATCCCAGCTACATGGAAGGCTGAGGCAGGAGAATCACTTGAACCCAGGAGGAGGAGGTTGTAGTGAGCCAAGAACGCACCATTGCACTCCAGCCTGGGCAACAAGATCGAAACTCCGTCTCAAAAAAAAAAAAAAAAACAAAA"
"GL873603","4271787","4272043","KN297375v1","286081","286336","69","3985706","GGCTGGCTGTGGAGGCTGGCACCTGTAATCCTAGCATTCTGGGAGACCAAGGCAGATGGGTTTCTTGAGCTCAGGAGTTTAGGACCAGCCTGACCAAGAGTGAGCCTGTCTCTACTGAAAATAGAAATATTAACCAGGTGTTTTGGAGGGTGCCCGTAGTCTCAGCTACTCAAGAGGTTGAGAGGTTGAGGCAAGAGAATCGCTTAAACCCAAGAGTTTGAGGTTGCTGTGAGCTGTGATGCCATAGCACGCTACCC","GGCCGGCTGCGGTGGCTCACACCTCTAATCCCAGCAATTTGGGAGGCCGAGGCAGGTGGATCACCTGAGGTCAGGAGTTCGAGACCAGCCTGGCCAAGATGGCGAAACCCTGTCTCTACTAAAAATACAAAAATTAGCCAGGCGCAGTGGCGGGCACCTGTAATCCCAGCTACTCGGGAGGCTGAGGCAGGAGAATCACTTGAACCCGGGAGGCGGAGGTTGCAGTGAGCCGAGATTGTGCCATTGTACTCCAGCC"
"GL873604","2876567","2876815","KN294245v1","95286","95551","66","2781281","GGCTGGGTGCGGTGGCTCACGCCTATAATCCCAGCATTCTGGGAGGCCAAGGCACGCAGATTGCTTGAGGTCACGGTTTCGAGACCAGCCTGAGCTAGAGTGAGATCTTGCCTCTAAAAATAGCTGAGTGTTGTGGTGGGCACCTGTAATCCCAGCTACTGAGGAGGCTGAGGCAAGAGAATTGCTTGAGCCAGAGAGTCTGAGGTTGCTGTGAGCTGTGACACCATAGCACTTGACACGGGGCAACAA","GGCTGGGCATGGTGGCTCATGCCTATAATCCCAGCACTTTGGGAGACCAAGGTGGGCAGATCACCTGAGGTCAGCAGTTCGAGACCAGCTTGGCCAACATGGTGAAACCCAGTCTCTACTAAAAATACAAAAATTAGCCAGGTGTGGTGGTGGGCGCCTATAATCCCAGCTAAACAGGAGGCTGAGGCAGGAGAATTGCTTGAACCTGGGAGGTGGAGGTTGCAGTGAGCTGAGATTAAGCCATTGCACTCCAGCCTGGGCAACAA"
"GL873604","6420961","6421237","KN297452v1","2177807","2178082","73","4243154","GGCTGGGGGAAGTGGCTCACGCTTGTAATCCCAGCACTTAGGAGGCTGAGGTGGGTGGATTACCTGAGTTCACAGGTTCAAGACCAGCCTGAGTCAGAGTAAGACCTCATTTCTAAAAACAGTTGGGTGTTGTGGTAGACGCCTGGAATCTCAGCTACTTGGGAGGTTGAGGCAAGAGAATTGCTTGAACCCAAGAGTTTGAGGTTGCTGTGAGCTATGACACCATGGCAATATACCGAGGGCGACAAGAGGGCAACAAAAACAAAACAAAACAAAA","GGCCAGGTGCGGTGGCTCACGCCTGTAATCCCAGCACTTTGGGAGGCTGAGGCGGGTGGATCACCTGAGGTCAGGAGTTCGACACCAGCCTGTCTCTACTAAAAATACAAAATTAGCTGGGTATAGTGGCAGGTGCCTGTAATCCCAGCTACTAGGGAGGCTGAGGCAGGAGAATCACTTGAACCTGAGAGGCAGAGGTTGCAGTGAGCTGAGACTATGCCATTGCACTCTAACCTGGGCAACAAGAGAGAGAGACTGTCTCAAAAAAAAAAAAAA"
"GL873606","4821346","4821649","KN295260v1","1049800","1050100","70","3771546","GGCTGGGTGTGGTGGCCCATACCTATAATCCCAGCACTCTGGAAGGCTGAGACAGGCAGACCACTTGAGCTCATGAGTTCAAGACCAGCCTGAGCAAGAGTGAGACCCCCCCCCCAATCTCTACTAAAAATAGAAAAACTAGCCAGGTGTTGTGGTGGGCCCCTGTAGTCCCACCTACTCGGGAGGCTGAAGAAGGAGGATCACTGGAACCCAAGAGGATGAGGTTGCTGTGAGCTATGCCATGACACTTTACCCAGGGCAACAAAGTGAAACTGACTAGAAAACAAAATTAAAAAAAAATAAA","GGCTGGGCGTGGTGGCCCATGCCTGTAATCCCAGCACTTTGGGAGGCTGAGGCAGGCAGATCACTTGAGGTCAGTAGTTCAAGACCAGCCTGGCCAACCTGGTGAAACCCCATCTCTACTAAAAATACAAAAAATTAGCTAGGTGTGGTGGTGGGCGCCTGTAATCCCAGCTACTCAGGAGGCTGAGGCAGAAGAATCGCTTGAACCCAGGAGGCAGAGGTTGCGGTGAGCCAAGATCATGCCATTGCACTCCAGCCTGGGCAAGAATAGTGAAAGTCCATCTCAAAAAAAAAAAAGGAAA"
"GL873606","8283228","8283392","KN294911v1","4093853","4094018","40","4189375","GCCAGGCGTTGTGGCAGGTGCCTGTCGTCCCAGCTACTCAGGAGGCTGAGGCAAGGGAATCACCAAAGCCCGGGAGTTGGAGTTTGCTGTGAGCTGTGTGACACCATGGCACTCTACTGTGGGCGATAAAGTGAAACTCTGTCTCTACAAAAAAAAAAAAAGAGA","CCAGGCGTGGTGGCAGGCACCTGTAGTCCCAGCAACTCAGGAGGCTGAGCCGAGAGAATCGCTTAAACCTGGGAGGTGGAGGCTGCAGTGAACCCAGATCATGTCATTGCACTCCAGCCTGGGCAACAAAAGTTAAACTCTGTCTCAAAAAAAAAAAAAAAAAAAA"
"GL873609","3004343","3004624","KN296435v1","3246212","3246499","67","241869","TGGCTTATACCTGTAATTCTAGCACTCTGGGAGGGCAAGTGAGTAGATTGCCTGATTCAGGGATTCAAGACCAGCCTGAGCAAGAATGAAACCCTGTCTCACTAAAAATATAAAAACTAGCTGGGCATTGTGGCAGGCACCTCTAGTCCCTGCTACTGGGGAGGCTGAGGCAGGAGGGTCTCTTGAGCTCAGGACGTTGAGGTTGCTACGAGCTAGGATGACACCAGGGTACTCTACCCAGGAAGAAAGAGTAAAACTCTGTCTCAAAAAAAAAAAAAAAAA","TGGCTCACGCCTGTAATCCTAGCACTTTGGGAGGCCAAGGCAGGTGGATCGCCTGAGGTCAGGAGTTCGAGACCAGTCTGGCCAACATGGTGAAACCCCGTCTCTACTAAAAATACAAAAATTAGCTGGGCATGGTGGCAGGTGGCTGTAGTCCCAGCAACTCGGGAGGCTGAGGCAGGAGAATTGCTTGAACCTGGGAGGTGGAGGTTGCAGTGAGCCCAGATTGTGCCATTGCACTCCAGCCTGGGTGACAAGAGCAAAACTCCGTCTCAAAAAAAAAAAAAAGAA"
"GL873612","6660241","6660530","KN294556v1","165992","166297","74","6494249","GCTGGGGACAGTGGCTCACGCCTGTAATCTCAGCAATCTGGGAGGCTGAAGCAGGCAGGTCAGCTGAGCTCACAAGTCCGAGACCAGCCTGAGCTAGAATAAGACGCCATCTCTAAAAATAGACAGGCACTGTGGCAAGCACCTGTAGTCCCAGCTACTCAGGAGGCTGAGCAAGAGAATCGCTTGAACCCCAGAGTCTGAGGTGGCTGTGAGCTGACACCATGGCATTCCGCCATGGGTGAGAAAGTGAAACTCTATTTCAAAAAAAAAAAAAAAGAAAAGAAAGAAAA","GCCGGGCACGGTGGCTCACGCCTGTAATCCCAGCACTTTGGGAGGCCGAGGCAGGCAGATCACAAGGTCAGGACTTTGAGACCAGCCTGACCAACATGGTGAAATACCGTCTCTACTAACAATACAAAATTAGCCAAGCATGGTGGCAGGCACCTGTAATCCCAGCTGCTCAGGAGGCTGAGGCAGGAGAATTGCTTGAACCCGGGAGGCAGAGGTTGCAGTGAGCCAAGATCGCACCATTGCACTCCAGCCTGGGCAACAAGAGTGAAACTCTGTCTTAAAAAAAAAAAAAAAAAAAAAAAAAAA"
"GL873613","5873554","5873839","KN296339v1","1010676","1010977","79","4862878","GGCCAGGCAGGGTGCCTCTGGCCTGTAACCCCAGCACTCTGGGAGGCCGTGGTGGGCGGATCATCGGAGCTCACGATTTAGAGACCAGTCTGGGCTAGAGTGAGACCCTGACTCTAAAAATAGAGAGGTGTTTTGGTAGGTGCCTGTAATCCCAGCTACTCAGGTGGGTGAGGCAAGAGAATTGCTTGAGTCCAGGAGTCTGAGGTTGTGAGCTAAGATGCCGTGACACTCTTACTGGGAGTGACAACAGTGAGACTCTGCATAAAAAAGCAAAACAAAAACAAAA","GCCGGGCACAGTGGCTCACCCCTGTAATCCCAGCACTTTGGGAGGCCGAGGTGGGTGGATCACCTGAGGTCAGGAATTTGAGACCAGCCTGGACAACATGGTGAAACCCTGTCTCTAATAATATACAAAAATTAGCTGGGCTTGGTGGTGCACGTCTTAAATCCCAGCTACTCGGGAGGCTGAGGCAGGAGAATCGCTTGAATCCAGGAGGCGGAGGTTGCAGTGAGCCAAGATCGCACTGTTGCAGTCCAGCCTGGGTGGCAAGAGTGAAACTCTGTCTAAAAAAATAAAAATAAATAAAA"
"GL873613","7613650","7613894","KN295090v1","1920503","1920747","69","5693147","AGGCAGGTGGATAGCTTGAGCTTAGGAGTTCAAGATCAGCCTGAGTAACAGTGATACTCCATCTCTACTAAAAGTAGAAAAAATGAGCCAGGTGTTGTAGCGGGTGCCTGTAGTCCCAGCTACCTGGGAGGCTGAGATAAGAGAATCTCTTGAGCCCAAGAGTTGGAGGTTGCTGTGAGCTAGGCTGAGACAGTATTCTACCCTAGGTGAGAGTGAAACTTCATTTAAAAAAAAAACAAGAAAAA","GAGTGGATCATCTGAAGCCAGGAGTTCGAGACCAGCCTGACCAACATGGTGAAACCCCATCTCTACTAAAAATACAAAAATTAGCCAGGCGTGGTGGCAGTTGCCTGTAGTTCCAGCTACACTGGAGCCTGAGGCAGAAGAATCACTGGAACCAGGGAGGTGAGGTTGCAGTGAGCCGAGATCGCACCATTGTACTCCAGCCTGAGCAACAAGAGCGAAACTCCATCTCAAAAAAAAAAAAAAAA"
"GL873615","7902005","7902263","KN297452v1","2177807","2178082","67","5724198","GGTCAGGCATGGTGGCTCACACCTATAATCCTAGTAGTATGGGAGGCTGAGGCAGGTGGATTGCCTGAGCTCCCAAGTTCGAGACCACCCATCCCGTCTCTAAAAATAGCCAGGTGTTGTGGCAGGCGCCTGTAGTCCCAGCTACTTGGGAGGCTGAGGCAAGAGAATCACTTAAACCCAGAGCATGAGATTCCTGTGAGCTAAGATGCCATGGCACTTTACCAAGGGTGACAAAGACTCTCTCAAAAAAAAAAAAGAA","GGCCAGGTGCGGTGGCTCACGCCTGTAATCCCAGCACTTTGGGAGGCTGAGGCGGGTGGATCACCTGAGGTCAGGAGTTCGACACCAGCCTGTCTCTACTAAAAATACAAAATTAGCTGGGTATAGTGGCAGGTGCCTGTAATCCCAGCTACTAGGGAGGCTGAGGCAGGAGAATCACTTGAACCTGAGAGGCAGAGGTTGCAGTGAGCTGAGACTATGCCATTGCACTCTAACCTGGGCAACAAGAGAGAGAGACTGTCTCAAAAAAAAAAAAAA"
"GL873618","2621948","2622241","KN294917v1","567363","567664","58","2054585","GCCGGGCATGGTGGCTCATGCCTGTAATCCCAGCACTTGGGAGGCTAAAGCAGTTGGATTGCCTGAGCTCAGGAGTTGGAGACCAACCTGAGCAAGAGTGAGACCCTGTCTTTAAGCAAAGAAAAATAGCCAGGCGCTGTGGTGGGTGCCTGTAGTCCCAGCTACCTGGGAGGCTGAAGCAAAAGAATTGCTTGAACCCAAGAGGTTGAGGTTGCTGTGAGCTAAGATGCCATGGCACTCCACCAAGGGTGACCAAGAGAAGAGACTGTCTCAAAAAAAAAAAAAAAAAAAGAA","GGCCGGGCGTGGGGGCTCATGCCTGTAATCCCAGCACTTTGGGAGGCTGAGGCAGGTGGATCACCTGAGGTCAGGAGTTTGAGACCAGCCTGGCCAACATGGTGAAACCCTGTCTATTAAAAATGCAAAGATTAGCCAGGCGTGGTGGCGGGCACCTGTAATCCCAGCTCCCTGGGAGGCTGTGGCAGAAGAATTGCTTGAACCTGGGAGATGGAGGTTGGAGTGAGCTGAGACCCGCCATTGCACTCCAGCCTGGGCAACAAGAGTGAAATTCTGTCTCAAAAAAAAAAAAAAAAAAAGAA"
"GL873618","2803873","2804140","KN295984v1","3193630","3193902","77","389757","GACCGGGCACAGTGGCTCTCACCTGTAATCCCACCATTCTGGGAGGCCAAGGTGAGCTGATCTCCTGAGCTCACATTCCAGACCTCCCTCCTAAAAATAGTAGGGTGGTGGGTGTTGCGGTGAGCGCCTCTAATCCCAGCTACTTGGGAGGCTGAGGCAAGAGAATTGCCTAAGCCTAGGAGTTGGAGGTTGCTGTGCACAGTGACGCCATGGCACTCTGATGGCAATAAAGTGAAACTCTCGTCTCTTAAAAAGGATAAAAAAAAAA","GGCCAGGTGTGGTGGCTCACGCCTGCAATCCCAGCACTTTGGGAGGCCAAGATGGGCGGATCACCTGAGGTCAGGAGTTCCAGACCAGCCCTCAACAAATACAAAAATAAGCTGGGCGTGGTGGTAGGCACCTGTAATCCCGGCTACTCGGGAGGCTGACGCAAGAGAACTGCTTGAACCCGGGAGGTGGAGGTTGCAATGAGCCAAGATCATTCCATTGCACTCCAGCCTGGGTGACAAGAGCAAAACTTCGTCTCAAAAAAAAAAAAAAAA"
"GL873630","3372952","3373191","KN294527v1","91066","91318","62","3281886","GGCTGGGTGTAGTGGCTCACACCTGTAATCCTAGCACTCTAGGAGGCCCAGGCGGGCAGATCACCTGAGCTCACAAGTTCGAGACCAGCCTGAGTAACAGTGAGACCCCGTATCTAAAAATAGCCTGGCATTGTGGATGGGGCCTTATACTCCCAGCTACTCCGGGGGCAGCTGAGGCAAGAGAATCGTTTGAGCCCAGGAGTCTGAGGTTGCTGTAAGCCATGATGCCATGGCACTCCA","GGCTGGGCGTGGTGGCTCATGCCTATAATCCCAGCACTTTGGGAGGCCAAGGTGGGCAGATCATCTGAGGTCAAGAGTTTGAGACCAGCCTGGCCAACATGGTGAAACCATGTCTGTACTAAAAATACAAAAATTAGCCAGGCATGGAGACGGGAGCCTGTAATCCCAGCTACTCGGGAGGCTGAGGCAGGAGAATTGCTTGAACCCGGGAGGCGGAGGTTGCAGTGAGCCAAGATCGCACTATTGCACTCCA"
"GL873631","933316","933587","KN295236v1","4975170","4975435","80","4041854","GGCCTAGGCAGGGTAGCTCATGACTGTGATCCTAAGCACTCTGGGTGGCTGGGTGATCACTCTGGGTGATCAACTGAGCTCAAGTTTTCAAGTTTGAGACCATCCTGAGCAAAAGTTGAAACCTGCAACTCTACTAAAAATAAGAAAATTTAGCTGTGTGGCAGGCACCAGTAATCCCAGCTACTTGGGAGGCTCAAGGAGGATTACTTGAACCTAGGACTTTGAAGTTGCTTTGAACTAAGCTGAGGCCATGGCACTCCAGTTCAGGTGAC","GGCCTGGCGTGGTGGCTCATGCGTGTAGTCTTAGCACTTTGGGAGGCCGAGGTGGGTGGATCACCTGAAGTCAAGAGTTTGAGACCATCCTGACCAACATGGTGAAACCCGATCTCTACTAAAAATACAAAAAATTAGCTGGGCTTGGTGGCAGGCACCTGTAATCCCAGCTACTAGGGAGGCTGAGGCGGGAGAATCACTGGAACCTGAGAGGTGGGGGTTGCAGTGAGCTGAGATCCTGCCATTGCACTCCAGCCTGGGCAACA"
"GL873631","1405821","1406080","KN297452v1","2177807","2178082","81","771986","GGCCAGGCTGGGTAGCTCATGCCTGTAATCCTAGCACTCTAGGAGGCCAAGGCAGGAGTATCCCTCAAGCTCAGGAGTACAAGAGCAAAAACGCCATCTCTATTAAAAATAGCTGGGCTTGGGGGCAGGTGTTTGTAGTCCCAGCTACTCGGAAGGCTAAGGCAGGAGGATCGCCTTAACTCAGGTTATGGTGAGCTAGGGGGACACCCTGGCACTCTAGAATGGGGCATAAGAATGAGACTCTGTCTCAAAAACAAAAA","GGCCAGGTGCGGTGGCTCACGCCTGTAATCCCAGCACTTTGGGAGGCTGAGGCGGGTGGATCACCTGAGGTCAGGAGTTCGACACCAGCCTGTCTCTACTAAAAATACAAAATTAGCTGGGTATAGTGGCAGGTGCCTGTAATCCCAGCTACTAGGGAGGCTGAGGCAGGAGAATCACTTGAACCTGAGAGGCAGAGGTTGCAGTGAGCTGAGACTATGCCATTGCACTCTAACCTGGGCAACAAGAGAGAGAGACTGTCTCAAAAAAAAAAAAAA"
"GL873632","5460884","5461124","KN294378v1","995755","995986","66","4465129","GGCCTAGCTCAGTGGCTCCTGCCTATAATCCTAGAACTCTGGGAGGCCAAGCGAGACCAGTGTATTGCCTGAGGTCAGGAGTTAGAGACCAGCCTGAGCAAAAGCGAGACCCCATCTCTAAAAAACTAGCTGGTGTTGTGGCTGGCACCTGTGATCCTAGCTACTAGGGAGGCTGAGGCAAGAGGATCACTTGAGCCCAGGAGTTGGAGGTTGCTGTGAGCAGAGACACCATAGCACTCTA","GGCCAGGCACAGTGGTTCACACCTGTAATCCCAGCCCTTTGGGAGGCCAAGGCGGGTGGATCACTTGGGTTAGGAGTTTGAGACCAGCCTGACCAACATAGTGAAACCCCATCTCTACTAAAAATACAAAAATTAGCGGGTGCCTGTAATCCCAGCTACTTGGGAGGCTGAGGCAGGAGAATTACTTGAACCTGGGAGGTGGAGGTTGCTGTGAGCCCAGATCGCACCATTG"
"GL873633","234413","234667","KN294239v1","1268862","1269091","83","1034449","GGTGGCTCATGCCCGTAATCCTAGCACTTTGGGAGGCTGAAGCCAACCTAAGCAGGAGAGAAACCTCATCTATACCAAAAACAGAAAAATTGGCCAGGCATGTGGTGGGTGCCTATAGTTCCAGCTACTTGGGCGGCTGAAGCTGGAGAGGATCACTTAAGTCCAGGAGGTTGCTGTGAGCTGTTACATCATAACACTCTGGCCTAAGGCAAAACTCTGTCTCAAAAAAAGAAAAAAAAGGTAAAAAATAAGAAA","CAGATCACCTAAGGCCAGGAGTTTGAGACCAGCCTGGCCAACATGGTGAAACCCCTGTCTCTACTAAAAATACAAAAATTAGCTAGGCATGGTGGTGGGTGCATATAATCACAGCTACTTGGGAGGTTGAGGCTGGAGAATGGCTTGAACCCAGGGGGCGGAGGTTGCAGTGAGCTCTAGCCTGGGTGAAAGAGCGAAACTCTGTCTAAAAAAAAAAAAAAAAAAAAAAA"
"GL873644","5434053","5434211","KN295236v1","2484954","2485121","37","2949099","GCTGGGCTTTGTGGTGGGAGCCTGTAATCTCACCTACTTGGGGGGCTGAGGCAAGAGAATTGCTTAAGCCCAAGAGTTTGAGGTGGCTGTGAGCTGCCATGCCATAGCACTCTACTGAGGGCAACAAAGTGAAACTCCATCTCAAAAAAAAAAAAAAAA","GCCAGGCTTGGTGGTGGGGGCCTGTAATCCCAGCTACTCAACTCAGGAGGCTGAGGCAGGAGAATTGCTTGAACCCGGGAGTTAGAGGTTGCTGTGAGCTGAGATTGCGCCATTGCACTCCAGCCTGGGCAACAAGAGTGAAACTCAGTCTCAGAAAAAAGAAAAAGA"
"GL873645","2336037","2336329","KN296731v1","895171","895465","78","1440866","GTGACTCATGCCTGTAATCGTAGCACCCTGGGAGGCTGAGGCAAATGGATTGCCCTGAGCTCAGAGGTTCAAGACCAGCGTGAGCCAGAGTGAGACTCCATCTCTACCAAAAATTGCCAGGCGTTCTGGCAGGCACCTGTAATCCCAGCTACTTGGGAGGCTGAGGCTAGAGAATCACTTAAACCCAAGGACCCAGGGGTTGGTGAAGGTTGCTGTGAGCTATGATTCCATAGTACTCTACTGAGGGTCACAAAGTGAAACTCTGTCTCCATTAAAAAAAAAAAAACAAAAAA","GCTCATGCCTGTAATCCCAACACTTTGGGAGGCTGAGGCATGTGGATTGCCTGAGGTCAGGAGTTTGAGACCAGCTTGGCCAACATAGTGAAACCCCATCTCTACTAAAAATACAAAAAATTAGCTGGGCATGGTGGTGGGCACCTGTAATCCCAGCTACTAGGGAGGCTGAGGCAGGAGAATCGCTTGAACCCAGGAGGTGGAGGTTGCCATGAGCTGAGATCGTGCCATTGTACTCCAGCTTGGGCAACAAGAGTGAAACTCTGTCTCAAAAAAAAAATAAAAAAAAAAAGAA"
"GL873648","3064425","3064674","KN296280v1","120827","121074","58","2943598","GGCCTAGTGTGATGGCACATACCTGTAATCCTAGCACTCTGGGAGGCCAAGACAGGTGGATTGTTTGAGGTCACGAGTTCAAGACTGCCTGAGCAAGAGTGAGACCCACCCCATCTCTACTAAAGATAGAAAAACTAGCTGGGCATTGTGGCAGGTGCCTGTAGTCCCAGCTACTTGAGAGGCTGAGACAGGAGGATCCCTTGAACCCAAGAGGTTGAAGTTGCTGTGACAGATGCCATGGCACTCTAGC","GGCCAGGTGCAGTGGCTCACGCCTGTAATCTCAGCACTTTGGGAGGCCAAGGCAGGTGGATCACCTGAGGTCAGGAGTTCAAGACCAGCCTGGCCAACGTGGTGAAACCCCATCTCTACTAAAAATACAAAAATTAGCCAGGGGTGGTGGTAGGTGCCTGTAATCCCAGCTACTTGGGCGTCTGAGGCAGGAGAATCACTTGAACCCAGGAGGCGGAGGTTGCAGTGAGCCTAGATCATGCCATTGCA"
"GL873654","4781225","4781506","KN294536v1","276932","277216","65","4504293","GGCTGGGTACTGTGGCTCACGCCTGTAATCATGGCACTCTGGGAGGCCAAGGTGGGTGGATTATCTGAGTTTAGGAATTCCAGACCAGCCTGAGCAAGATTGAGACCCTGTCTCTACTAAAAATAGAAAAACTAGCCAGGAGTAGTGGCAGGCACCTGTAATCCCAGCTATTTGGGAGGTGGGGGCAAGAGAATCACTTGAGCCCAGGAGTTTGGGGTTGCTCTGAGCTGTGATGATGCCATAGCACTCTACCGAGGGCGACAAAAAAAAAATCAAAAAAGA","GGCCAGGCACAGTAGCTCATGCCTGTAATCCTAGCACTTTGGGAGGCCAAGGTGGGGGGTTACTTGAGGTCAGGAGTTCAAGACCAGCTTCACCAACATGGTGAAACCCTGTCTCTACTAATAATATAAAAATTAGCCAGACGTGGTGGCAGGCACCTGTAATCCCAGCTACTCGGGAGGCTGAGGCAGGAGAATCACTTAAACCCAGGAGGCGGAGGTTGCAGTGAGCTGAGATCATGCCATTGTACTCCATTCTGGGGGACAAGAGTGAAACTCCATCTCAAA"
"GL873657","1143343","1143429","KN295294v1","1379866","1379966","32","236523","ATCCCAGCTATTCAAGAGGCAGAGGCAGGAGGATTGCTTGAACCCTGGAGTCTGAGGGTGCTAGATACCATGGCACTCTAGCCTGGG","CCCAGCTACTTGGGAGGCTGAGGCAGGAGAATTGCTTAAACCCGGGAGGCAGAGCTTGCAGTGAGCCAAAGATCGCGCCATTGCACTCCAGCCTGGGCAAC"
"GL873657","1288947","1289213","KN297259v1","93525","93791","66","1195422","GGCCGGGCCTGGTGGCTCACATCTGTAATCCTAGCACTCTGGGAGGCTGAGGCGGGTGGATTGCCCTGAGTTCATAGGTTCCAGACCAGCCTGAGCAAGAGCAAGACACATCTAAAAATAGCCAGGCGTTGTGGCCGGTGCCTATAATCCCAGCTACTTAGGAGGCTGAGGCAAGAGAATCACTTGAGCTTGGAGGTTGCTGTGAGCTGTGACGCCATGGTATCTATCAACGGTGACAAAGTGAAACTCCTCAAAAAAAAAAAAAAA","GGCTGGGCGCTGTGGCTCACACCTGTAATCCCAGCACTTTAGGAGGCTGAGGTGGGTGGATTACCTGAGGTCAGGAGTTCGAGACCAACGTGGCCAAAAATACAAATACAAAAATTAGCCAGGCGCAGTGGCGGGTGTCTGTAATCCCAGCTACTTGGGAGGCTGAGGCAGGAGAACCACTTGAACTCGGGAGGCGGAGGATGCAGTGAGCCATTCCACTCCAGCCTGGGCAACGAAGCAAAAACTCCATCTCAAAACAAAACAAAA"
"GL873663","2253127","2253407","KN294539v1","297860","298139","84","1955267","GGCTGGGCGCAGTGGCTCACACCTGTAATCCTAGCGCTCTGGGAGGTTAAGGCAGTGGATCCCCTGAGCTCAGGAGTTCAAGATCAGCCTGAGTGAGAGTGAGACTCTGTCTCCAAAAACAAGCTGGGTGTTGTGGTGGGCACCTGTAGTCCCAGCTACTTGGGAGATTGAGGGAACAGGATCACTTGAACTGTGAGAGGTTGGTATATAAAACCAGCACATTGTACCCCATGATTGCATTAATGTACACAGCTATGATTTAATAAAAAAAAAAGAAAGAA","GGCTGGGCGCGGTGGCTCATGCCTGTAATCCCAGCACTTTGGGAGGCCGAGGCAGGCGGATCACCTGAGGTCAGGAGTTTGAGACCAGCCTGGCCAACATGGCGAAACCTCCTCTCTACTAAAAATTAGCCGGGCTTGGTGGCTGGCACCTGTAATCCCAGCTACTTGGGAGGCTGAGGCAGGAGAATCACTTGAACTTGGGAGGTGGAGGTTGCACTCCAGCCTGGGCAACAAGAGTGAGACTCCATCTCAAAAAAAAAAAAAAAAAAAAAAAAAAAAA"
"GL873665","3336490","3336738","KN297008v1","2309734","2309988","63","1026756","GGCCAAGGTGAGAGGATCAGGTGAGGTCAGGAGTTCAAGACAAGCCTGAGCAAAAGTGAGACCCTATCTCTGCTAAAAAAACAAATTTAGCCAGTCATCGTGGTGGGCACCTATAGCCCCAGCTACTCAGGAGGCTGAGGCAGGAAGATTAATTAAATCCTAGAGTCTGAGGTTGTTGTGAGCTAAGCCAAGGACATGGCACTCTAGCCCGGGAAACAAAGTGAAACTCTGTGTCTAAGGAAAAAAAAA","CCAAAGCGGGTGGATCACCTGAGGTCAGAAGTTCGAGACCAGCCTGGCCAACATGGTGAAACCCTGTCTCTGCTAAAAATACCAAAAATTAGCCAGGCATAGTGGTGGGCACCTGTAATCCCAGCTATTCAGGAGGCTGAGACAGGAAAATCGCTTAAACCCGGGAGGCAGAAGTTGCAGTGAGCTGAGATCGCATCATTGTACTCCAACCTGGGTAGCAAGAGCGAAACTCTGTCTCAAGGAAAAAAAAAAAAA"
"GL873668","4815320","4815575","KN295624v1","6430","6722","85","4808890","GGCCAGGCCTGGTGGATCATGCCTGTAATCCTAGCACTCTGGGAAGCCCAGGCAGGTGGATCATCTGAGCTCATGAGTTTGAGACTAGCTTGCGCTAGAGTGAGACCTTGTCTCTAAAAATAGCCATGGGCTGTGGCCAGTGCCGATATTCCCAGCTATTCAGGAGACTAAAGGAGAACTGCTTATACCTGAGGTTGCTGTGAGGTATGACGCCATGGCACTTTACCAAGGACTCTGTCTTAAAAAAAAAAAAAAA","GGCTAGGCGTGGTGGCTCATGCCTATAATCCCAGCACTTTGGGAAGCCAAGACAGGTGGATCACCTGTGGTCAGGAGTTCGAGACCAGCCTGGCTAACATGGTGAAACCCCATCTCTAAAAATACACAAATTAGCTGGGTGTGGTGACAGCTGCCTGTAATCCCAGCTACTCGGGATGCTAAGGCAAGAGAATTGCTTGAACCAGGAGGCAGAGGTTGCAGTGAGCCGAAATCACACCATTGCACTCCAGCCTGGCAACAAGAGATAAACTGTCTCAAAAAAAAAAAAAAAAA"
"GL873675","1978088","1978390","KN297094v1","103779","104072","73","1874309","GGCTGGGTGTGGTGGCTCACACCTGTAATCCTTGCACTCTGGAAGGTCGAGGCAGGCGAATTCCCCAAGCTCAGGAGTTCAAGACCAGCCTGAGCAAGAGTGAGAACCGAGTGAGAACCGTCTGTACTAAAAATAGAAAAACTAGTCAGGCATTGTGGCAGGTACCTGTGGTCCCAGTTACTCAGGAGGCTGAGGCAAGAGGATTGCTCAAATCTGAGAGCTTGAGGTTGCCATGAGCTACGATGATGCCATAGCACTCTATTCAGGACAACAAGAGTGAGACTGTCTCAGGGGAAAAAAAAA","GGCTGGGTGTGGTGGCTCACGTCTGTAATCCCAGCACTTTGGGAGGCCAAGGCAGGTGGATCACCTAAAGTCAGGAGTTCAAGACCAGCCTGAACAACATGGTGTAACCCTGTCTCTACTAAAATTACAAAAATTAGCCAGGCATGATGGCGGGTGCCTGTAATCCCAGCTACTCGGGAGGCTGAGGCAGGAGAATTGCCTTAACCTTGGAGGCGGAGGTTGCCGTGAGCTGAGATCGCACTATTGCACTCCAGCCTGGGCAACAAGAGTGAAATGTGTCAAAAAAAAAAAAAA"
"GL873680","45296","45589","KN295580v1","1390","1690","71","43906","GGCTTGGTGTGGTGGCTCACACCTGTAATCCTAGCATTCTGGGAGGCTGAGGTGGATGGATTCCATGAGGTCAGGAGTTTGAGACCACCATGAGCAAAAGCGAGACCCTAGCTCTACTAAAAATAGAATTATCAGCTGGATATCATGGCAGCCACCTGCAATCCCAGCTGTTTGGGAGGATGAGGCAGGAGAAATCACCCAAGCACCCAAGTTGCTGTGAACTATGACACCATGGCACTCTAGCCTGGGGCAACAAGAGTGAGACTCTTGTTTCCAAAAAAAAGGAAAAGAAAA","GGCCGGGTGCGGTGGCTCCCACCTGTTATCCCAGCACTTTGGGAGGCTGAGGTGGGTGGATCACCTGAGGTCAGGAGTTAGAGACCAGCCTGGGCAACATGGAGAAACCCCATCTCTACTAAAAATACTAAATTAGCTGGGTGTGGTGGCAGGCACCTGTAATCCCAGCTACTCAGGAGGCTGAGGCAGGAGAATTGCTTAAACCCAGGAGGCAGAGGTTGCAGTGAGCCAAGATCGCACCATTGCACTCCAGCCTGGGCAACAAGAGCGAAACTCCATCTCAAAAAAAAAAAAAAAAAAA"
"GL873688","217615","217880","KN296812v1","16783","17058","76","200832","GCTGGGCAGAGTAGCTCATGCCCATAATCCTAGCACTCTGGGAGGCTGAAGTAGGTAGATCATCCTGAGCTCAGGAGTTCAGGACCAGCCTGAAACAGGGTCTCTAAAAATAGCAGGGCATTGTGGAAGGTGCCTATAGTCCCAGCTACTAAGGAGGCAAGAGAATCACTTATACCCAAGAGTTTGAGGTTACTGTCAGCATGACACCATAGCACTTGACTGAGGGTGACAAAGTGAAACTCTGTCTCAAAAAACTTAAAGAAAAA","GCTGGGCACAGTGGCTCATGCCTATAATCCCAGCACTTTGGGAGGCTGAAGCAGGTAGATCACCGAGGTCAGGAGTTTGGGACCAGACTGGCCAACATGGTGAAACCCCCTCCGGGCATGGTGTCAGGCGCCTATAATCCCAGCTACTCAGGAGGTTGAGGCAGGAGAATCACTTGAACCCGGGAGGCGGAAGTTGCAGTGGGCCGAGATCGTGCCATTGTACTCCAGACTGGGGGACAAGAGTGAGACTTCGTCTCAATTAAAAAAAAAAATAAA"
"GL873697","3384640","3384915","KN294588v1","494059","494353","76","2890581","GGCAGGGTGCAGTGGTTCACGCCTATAATCTTAGCACTATGGGAGGCCAGGGAGGGTGGATTACCTGAAATCAGGGGTTTGAGACCAGCCTGAGCAAGAGTTGAGACCCCTTCTCTAAAAATAACTGGGTGTTATGGCAGATGCCTGTAGTCCCAGCTACTCCAGAGGCCAAGGCAAGAGAAAATGGCTTGAGCTTGAGAGTCAGGTTGCTGTGAGCTGTGAGGCTATGGCACTCTAAGGAGGGTGACAAAGTGAAATGCTGTCTTAAAAAAAAAA","GGCCAGGCGCGGTGGCTCACGCCTGTAATCCCAGCACTTTGGGAGGCCAAGGTGGGCGGATCACCTGAGGTCAGGAGTTCGAGACCAGCCTGAACAATATGATGAAACCCCATCTCTACTAAAAATACAAAAATTAGCTGGGCGTGTGGCATGTGCCTGTAATCCCAGTTACTCAGGAGGCTGAGACAGGAGAATCGCTTGAACCGGGGAGGTGGAGGTTGCAGTGAGCTGAGATTGCGCCATTGCACTCCAATCTGGGTAACAAGAGCGAAATTCTGTCTCAAAAAAAAAAAAA"
"GL873700","68907","69145","KN296865v1","976577","976818","72","907670","ACTCTTGGAGGCCAAGGCAGGTGGATTGCCTGAGTTCAGGAATTCAAGACCAGCCTGAGCAAGAGTGAAACCCTGTCTCTAAAAAAAATAGGTGGGTGTTTTGAAGGGTGCCTGTAAATCCCAGCTACTTGGGTGACTGAGGCAAGGGTATCATTTGAGCCCTGAGAGTTTGAGGTTGCTGTGATCTATTAAGCCATGGCACTCTACCAAGGTGACAAGGTGAAACTCTGTGTCAAAAA","CTTTGGGAGACTGAGGCGGGCAGATCACCTGAGGTCAGGAGTTCAAGACCAGCCTGGTGAAACCCTGTCTCTACAAAAATTAGCCAGGTGTGGTGGCAGGTGCCTGTAATCCCAGCTACTCGGGAGGTTGAGGCAAGAGAATCACTTGAACCTGGGAGGCAGAGGTTGCAATGGGCCAAGATTACGCCATTGCACTCCAGCCTGGGGGATAAGAGTGAGACTTCATCGTGGAAAAAAAAAAA"
"GL873714","2395772","2396065","KN295236v1","3456423","3456719","74","1060651","GTTGAGTATGGTGGCTCACACCTCTAATCCCAGCACTCTGGGCATCCAAGACAGCTGGATCCCTTGAGTGCAGGAGTTCAAGAACAGCCTGAGCAAGAGTGAGACCCATGTCTCTACTAAAAATAGAAAATAGCTGTGCATGGTGGCAGATGCCTGTAGTCCTAGCCACTTGAGAGGCTGAGACAGGAGGATCACTTGAGGTTTCTGTGAGCCAGGCTGACTCCATGGCCCTCTAGCCTGGGGCAACACCATGTGAAACCCTCTCCCTCTCAAAACCAAACCAAAACAAAAAAA","GGCCGGGCGTGGTGGCTCACGCCTGTAATCCCAGCACTTTGGGAGGCCAAGGCAGGTGGATCACCTGAGGTCAGGAGTTCCAGACCAGCCTAGCCAATATGATGAAACCCTATCTCTACTAAAAATACAAAAAATTAGCCGGGCATGGTGTCAGGCACCTGTAATCCCAGCTACTTGGGAGGCTGAGGCAGGAGAATCGCTTGGAGGTTGCGGTGAGCCAAGATCACACCATTGCACTCCAGCCTGGGCAACAAGAGCGAAACTCCGTCTCAAAAAAAGAAAAGAAAAAAAAGAAGA"
"GL873715","273871","274067","KN295957v1","80733","80933","47","193138","CCCATCTCCACTAAAAATAGAAAAACTAGCTGGGCATGGTGGCAGGCACCTGTAATCTCAGCTACTCTGGAGGCTGAAGCAAGAGGATTGCTTGAGTCCAGGAGTTTGAGGTTGCTGTGAGCTAAGATGCCATGGCACTCAACCTCAGGGTATCTAAGTGAGAGACTCAGTCTCAAAAAAATAAAATAAAATAAAAA","AATCCCATCTCTACTAAAAATACAAAAAGTTACCTGGGCATGGTTGCAAGCACCTTTAATCTCACCTACTCTGGAGGCTGAAGCAAGAGAATCCCTTGAACCTGGGAAGCAGAGGTTGCAGTGTGCCGAGATCCTGCCGTTGCACTAAAGCCTGGGCAACAAGAGTGAAACTCTGTCTCAAAAAAGAAAAAAAAAAAAAAA"
"GL873724","801982","802301","KN294539v1","297860","298139","86","504122","GGCCGGGCGTGGTGGCTCACGCCTGTAGTCCCAGCGCTGTGGGAGGCCGAGGCGGGTGGATCACCTGTGCTCAGAGGTTCGAGACCAGCATGAGCCAGAAGAAGAGCCAGAGTGAGACCCCGTCTCAACCAAGAATTGCCGGGCGTTCTGGCAGGCGCCTGTAATCCCAGCTACTTGGGAGGCTGAAGCCAGAGAATCACTTAAACCCAGGGACCCAGGGGTTGGCAGAGGTTGCTGTGAGCTATGTACCCTACTGAAGGACACAAAGTGAAACTCTGTCTCCTCCATTAAAAAATAAATAAAATAAAAGCAAAAAAAAA","GGCTGGGCGCGGTGGCTCATGCCTGTAATCCCAGCACTTTGGGAGGCCGAGGCAGGCGGATCACCTGAGGTCAGGAGTTTGAGACCAGCCTGGCCAACATGGCGAAACCTCCTCTCTACTAAAAATTAGCCGGGCTTGGTGGCTGGCACCTGTAATCCCAGCTACTTGGGAGGCTGAGGCAGGAGAATCACTTGAACTTGGGAGGTGGAGGTTGCACTCCAGCCTGGGCAACAAGAGTGAGACTCCATCTCAAAAAAAAAAAAAAAAAAAAAAAAAAAAA"
"GL873727","1012312","1012580","KN295439v1","120841","121124","90","891471","GGGTGTGGTGGTTAATGCTTATTATAATCATAGCATTCTGGGAGGCTGAGGAGGGCAGATTACCTGAGCTCAGAGAGACCAGGCTGGACAAGAGTGAGAAAGAGCCCCGTCTCTACCAGCCAAGTATTGTGGTGGGCTCCTGGAGTCCCAGCTACTTGGGAGACTGAGGCAAGAGGACTGAGACCAAGAGACTGCGGTTGCTATGAGCTGTGAGGACACCATGGCACTCCACCGAGGGCGAAGAAACAAACAAAAAACCAAAAAAAAGA","GGGTGCGGTGGCTCATGCTTATAATCCTAGCACTTTGAGAGGCCGAGGCAGGCAGATCACTTGAGGCCAGGAGTTCGAGACCATCCTGGCCAACATGGTGAAACCCCGTCTCTAGTAAAAACATAATAATAGTGGTGGTGCATGCCTGCAATTCCAGCTACTCGGGAGGCTGAGGCAGGAGAATTGCTTGAACCCGGGAGGCAGAGGTTGCAGTGAGCCGAGATCGCGCCATTGCATTCCACCCTGGGGGACAAGACTGAAACCCCATCTCAAAAAAAAAAAAA"
"GL873728","748569","748826","KN295174v1","187755","188016","59","560814","GGCTGGATGTGGTGGCTCGTGCCTGTAATCCTAGCACTCTGCCAGTCCAAAGTAGGTAGATCCCTTGAAGTCAAGAGTTTGAGACCAGCCTGAGCTAGAGTGAGACCCTGTCTCTACTAAAAATAGAAAAATTAGCTGGGTGTCGATGGCGGGTGCCTGTAATCCCAGCTACTTGGGAATCTGAGGCAGGAGAATATCCTGAACCCCGAGGAGTTTGAGGTTGCTGTGAACTAGGACACTATAGCACTGTAGCCTGGG","GGCTGGGTGCGGTGGCTCATGCCTGTAATCCCAGCACTTTGGGAGACTGAGGTGGGTGGATCACGAGGTCAGGAGTTTGAGACCAGCCTGGCCAACATGGTGAATCCCCATCTCTACTAAAAATATAAAAATTAGCTGGGTGTGGTGGCAGGTGCCTGTAATCCCAGCTACTCGGAAAGCTGAGGCAGGAGAATCATTTGAACCCGGGAGATGGAGGTTGCAGTAGACCAACATCATACCATTGCACTCCAGCCTGGGTGAC"
"GL873733","118331","118619","KN296145v1","1500265","1500556","67","1381934","GGCTGGGTACATTGGCTCATGCCTATAATCCTAGCACTTTGGGAGGCCAAGACTGGCGGATTGCTTAAGGTGAGGAGTTCAAGATCAGCCTGAGCCAAAGTGAGGCCTCATTTCTACTAAAAATAGAAAAACAAGCCAGGCACTGTGACGGGCGCCTAAAGAACTAGCTACTCAAGAGGCTGAGGCAAAAGGATCACTTGAGCCCAAGAGACTGAGGTTGCTGTGAGCTATGATGCTGCCATGGCACTCTCCTTAGCACAAGAGTGAAACTCTATCTCAAAAAAATAAA","GGCTGGGTGCAGTGGCTCATGCCCATAATCCCAGCACTTTGGAGGCAGAGGCAGGCAGATCACCTAAGGTCAGGAGTTCCAGACCAGCCTGGCCAACATGGTGAAACCCCATCTCTATTAAAAATACAAAAAGTTAGCTGGGCATAGTGGAGGGCGCCTGAAATCCTAGCTACTCAGGAGGCTGAGGCAGGAGAATCGCTTGAACCCAGGAGGCAGAGGTTGCAGTGAGCCAAGATCACGCCATTGCACTCCAGCCTGGGCAACAAGAGCGAGACTCCATCTCAAAAACAAA"
"GL873733","1332492","1332789","KN294526v1","358849","359148","72","973643","GGCTGGGCACAGTGGCTCATGCCTGTAATCCCAGTACTTTGGAAGACCACGGTAGGTGGATCACATGAGTCAGGAATTCAAGACCATCCTGAGAAAGAGTGAGACCTCATCTCTACTAAAAATAGAAAAAAGAAAATGTATGTGGGCATTGTGGCAGGTGCCTGTAGTCCAGCTACTCGGAAGGCTGAGGCAAAGAGAATCACTAGAACCCAGGAGTTTGAGATTGCTGTGACCTGTGACACCGTAGCATCCTAACCCAGAACAATTGAGTAAAGACTCTGTCTCCAAAATAAAAAAA","GGCTGGGCACGGTGGCTCATGCCTGTAATCCCAGCACTTTGGGAGGCCGAGGCGGGTGGATCACCTGAGGTCAGGAGTTCCAGACCAGCCTGGCCAACATGGTGAAACCCCGTCTCTACTAAAAAAAAAATACAAACATGAGCTGGGCATAGTGGCACGTGCCTGTAATCCCAGCTACTCAGGAGGCTGAGGCAGAAGAATCGCTTGAACCCCAGAGGTGGAGGTTGCAGTGAGCCGAGTTTGCATCATTACACTCCAGCCTGGGTGACAAGAGCAAAACTCCATCTCAAAAAAAAAAAA"
"GL873739","1874519","1874786","KN294262v1","1583811","1584087","70","290708","GGCCAGGCACAGTGGCTCATGCCTGTAATCCCAGCACTCTGAGGTGTAAGAGGGCAGATTGCCTGAGGTCACAAGTTCAAGACCAGCCTGAGCTGTGAGGCCCTCCACCTCTAAAAATAGTCAGATGCTTGTGGTGGGCACCTGTAATCCCAGCTACTTGGAAGACTGAGGCAAGAGAATTGCTTGAGCCCAGGAGTCTGAGGTTGCTTGAACTATGATGCCATGGCCCTCTACCGGGAGTGACAAAGCAAAACTCTATCTTAAAAAA","GCCAGGCATGGTGGCTCATGCCTGTAATCCCAGCATTTTGGGAGGCTGAGGTGGACAGACCACCTGAGGTCAGGAGTTTTAGACCAGCCTGGCCATCATGGTGAAATCCTATCTCTACAATTAGCCAGGCATGTTGGCGGGCACCTGTAATCCCAGCTACTCAGGAGGCTGAGGCAGGAGAAATCGCTTGAACCCGGGAGGTGGAGGTTGCAGTGAGCTGAGATAGTGCCATTGCACTCCAGCCTGGGCGACAAGAACAAAACTCCATCTCAAAAAA"
"GL873752","831342","831616","KN294161v1","265801","266094","74","565541","GGCTGGGCATGGTGGCTCATGCCTGTAAATCTAGCACTCTGGAACGCGGAGGCAGGTGTATCACCTGAGCTCAGGAGTTCAAGATCAGCCTGAGCAAGACAGACTGGTCTCTACTAAAAATAGAGAAACTAGCAGAAGGTATGTGGAAGGTACCTATAGTCCCAGCTACTTGGAAAGCTCAGGCAAAAGGATTGCTTAAACCCAAGAGGTTGAGGTTGCTGTGAGTTATGAGACCATGATACTTTACCTAGTGAAACTCTGTCTCAAAAAGAAAA","GGCTGGGCATGGTAGCTCATGCCTGTAATCCCAGCACTTTGGGAGGCCGAGGCAGGTGGATCACCTGAGGTCAAGAGTTCGAGATCAGCCTGGCCAACATGGTGAAAACTTGTGTCTACTAAAAATACAAAAATTAGCCAGGTGTGGTGGCAGGCACCTGTAATCCCAGTTATTCGGGAGGCTGAGGCAGGAGAATTGCTTGAACCCGGGAGGTGGAGGTTGCAGTGAGCTGAGATCGTGCCATTGCACTCCAGCCTGGATGACAAGAGCGAAACTCTGTCTCAAAAACAAAAA"
"GL873759","324219","324536","KN295835v1","81348","81655","80","242871","GGCTGGGAGCAGTGGCTCACACCTGTAATCCTACACTAAGAGAGAGGCTGAGGCAGGAGGATCACCTGAGCTCAGGGGTTGAGACCAGCCTGAGAGACCAGCCTCTTGTGAGATCCTATTTCTACTGAAAATTAAAAAACAAAACAAAAAACTACCTGGATGTTGTGGCAGGCACTGGTAGTCATATCTACTTGGGAGGCTGAGGCAGGGGCTTCACTTGAACCCAGGAGTCTGAGGTTGCTGTGAGCTAGGCCAATACCATGGCTGTCTAGGTCTACGATAACAGAGTGAAACTCTGTCTTAAAAAAAAAAAAGAAA","GCTAGGTGCAGTGGCTCACGCCTGTAATCCCAGCACTTTGGGAGGCTGAGGTGGGAGGATCACCTGAGGTCAGGAGTTCAAGAGCAGCCTGGCCAACATGGTGAAACCCCATCTCTACTAAAAATACAAAATAAAAATAAAAATAGCTGAGCATGGTGGCAGGTGCCTGTAATCCCAGCTACTCGGGAGCCTGAGGCAGGAGAATCGCTTGAACCCAGGAGACAGAGGTTGCAGTGAGCGGAGACCACACCATTGCACTCCAGCCTGGGCAACAAAAGTGAAACTCTGTCTCAAAAAATAAAATAAAA"
"GL873759","1752206","1752458","KN296063v1","838425","838678","63","913781","GGCTAGGCATGGTGGCTAACACCTGTAATCCCAGCACTCTGGGAAGTCGAGGAGGGCAGATAACCTGAATTCAGGAGTTCAAGACCAGCCCGAGCAAGAGTGAGACCCCATCTCTACTAGAAATAGAAAAACTATCCAGGTGTTGTGGTAGGAGCCTCTAGTCCCACCTTTTGGGGGCTGAGGCAAGAGAATAGTTCAAGCCCAAGAGTTGGAGGTTGCTATGAGCAACTCCATAGCACTCCATAGCACTCCA","GCCAGGCATGGTGGCTCAGGCCTGTAATCCCAGCACTTTGGGAGGCCGAGGTGGGTGAATTACCTGAGGTCAGGAGTTTGAGACCAGCCTGACCAACATGGTGAAACCCCATCTCTACCAAAAATACAAAAACTAGCCAGGTGTGGTGGCAAGTGCCTGTAATCCCAGCTACTCTGGAGGCTGAGGCAGGAGAATCGCTTGAACCCATCAGGCAGAGGTTGCAGTGAGCCGAGATCATGCCATTGCGCTCCAAC"
"GL873766","708682","708872","KN296820v1","111563","111754","49","597119","ACCCCATCTCCAGTAAAATTAGAAAAATTAGCCAGGAATTGTGGTGGGCTCCTGAAGTGTCAGCTACTCAGGAAGCTGAGGCCAGAGGATCACTTGAACCCAAGGAGTCTGAGGTTCTATGAGTTAAGTTGACGCCATGACACTCTAGCCTGGGTGGCAGAATCACTCTGTCTCCAAAAAAAAAAAAAAAA","CCCCTCTCTACTAAAAGTACAAAAATTAGCCAGGCGTGGTGGTGGGTGCCTGTAATCCCAGAAACTCAGGAGGCTGAGGCAGGAGAATCACTTGAACCTGGGAGGTGGAGGTTGCAGTGAGCCAAGATGGCACCACTGCACTCCAGCCTGGGTGACAAGAGCGAAACTCTGTCTCAAACAAACAAACAAAAA"
"GL873768","802361","802635","KN294848v1","1408889","1409183","68","606528","GCCGGGTGTGGTGGCTCAAACCTGTAATCCCAGCACTCTGGGAGGATGAGGCAGGTTGATTGCCTGAGATCAGGAGTTCGAGACCAGCCTGAACCAGAGCAAGACCCCATCTCTAAAAATAGCCAGGCGTTGTGGCAGGCACCTGTAGTCCCAGCTACTTGGGAGGCTGAGGCAAGAGAATCACTGGAGCCCAAGAGTCTGAGGTTGCTGTGAGCCGTGATGCCATATCACTCTACTGAGGATGACAAAGACTCCGTCTCAAAAAAAGAAAAGAA","GCCAGGTGTGGTGGCTCACACCTATAATCCCAGCACTTTGGGAGGCCGAGGTGGGCGGATCACCTGGGGTCAGGAGTTCGAGACCAGCCTGGCCAACATGGTGAAACCCTGTCTCTACTAAAAATACAAAAATTAGCCAGGCGTGGTGGCAGGCACCTGTAGTCCCAGCTACTTGGGAGGCTGAGGTAGGAGAATCGCTTGAACCCAGGAGGCAGAGGTTGCAGTGAGCCGAGATCGTGCCATTATACTCCAGCCGGGGCAACAAGAGTGAGACTCTGTCTCAAAAAAAAAAAAA"
"GL873772","1078857","1079122","KN296682v1","4848071","4848353","79","3769214","GGACAGGCATGGTGGCTCATGCCTGTAATTCTAGCACAATGGGGGGCCTAGGCAAGTAGATCACCTGAGCTCAAGAGCTGGGAATCAGCCTGCCAAAAGTGAGATTCTCATCTCTAAAATTAGCTAGCCACTGTGGGAGGTGCCTGTGTCCCTGCTACTTGGGAGGTTGAGGCAAGAATATTGTTTAAACCCAAGAGTTTGAGGTTATTGTGAGCTATGACACTATGGCACTCTACTGAGGTGACAAAAATGAGACTCTGTCTCAA","GGCTGGGCACAGTGGCTCATGCCTGTAATTCTAGCACTTGGGGAGGCCAAGGTGGGTGGATCACCTGAGGTCAGGAGTTTGAGACCAGCCTGGCCAACATGGCGAAATCCCATCTCTACTAAAAATACAAAAATTAGCCGAGCGTGGTGGCAGGTGCCTGTAGTCCCAGCTACTCGGGAGGCTGAGGCAGGAGAATAGCTTGAACCCAGGAGGTGGAGGTTGCAGTGAGCCAAGATTGCGCCATTGCACTCTAGCCTGGGCAACAAGAGCGAAACTCTGTCTC"
"GL873789","145117","145415","KN294558v1","620257","620558","68","475140","GGCTGGACACGGGGCTCAGGCCTATAATCTTAGTACTCAGGGAAGCCAAGGCAGAAGGATCCCTGTAGCTAGCGAGTTCAAGACCAACCTAAACAAGAGTAAGACCCCCATCTCTACTAAAAATAGAAAAATTTACCAGGTATTATAGTGGGCGCCTGTAGTCCCACCTACTTAGGAGGCTGAGGCAAGAGAAGCACTTGAACCCAGGAGTCTGAGATTGCTATGAGCTAAGTTGATGCAATGGCACTCTGGGCTGGGGCAAGAGAATGAAATTCTGTCTCAAAAAAAAAAAAAAAGAA","GGCTGGACACAGTGGCTCAGGCCTATTATCCCAGCACTTTGGGAGGCCAAGGCGGGTGGATCACCTGAAGGTCAGGAGTTTGAGACCAGCCTGGCCAACATGGTAAAACCCCGTCTCTACCAAAGATATAAAAAATTAGTCAGGTATGGTGGTGGGCGCCTATAATCCCAGCTAGTTAGGAGGCTGAGGCAGAAGAATCACTTGAACCCGGGAGGCGGAGGTTGCAGTGAGCTGAGATCACGCCACTGCACTCCAGCCTGGGTGACAAGAGTGAAACTTCGTCTCAAAAAAAAAAAAAAAAA"
"GL873922","85297","85591","KN295582v1","914240","914537","80","828943","GGCCAGATGTGGTGGCTTACGCCTATAATCCTAGCACTCTGGGAATCCAAGCCTGGTGGATTGCCCTGCTCTCAGAGGTTCAAGACCAGCCTTATCCAGAGTGAGACTCTATCTCTACGGAAAAAAAAAAAAAAGCTGGGCATTGTGGCGGGCACCTATAGTCCCACCTACTTAGGAGGGTGAAGCAAGACAATTGCTTGAACCCCAAAGTAGGAAGTTGCTGTGAGCTAAGGTGCCATAGCACTTTACCAAGGGCCATAAAGTCATTCTGTCTCAATAAAAATAAATAAATAAA","GGCTGAGTGCAGTGGCTCACGCCTGTAATCCCAGCACTTTGGGAAGCCAAGGCAGGCGGATTACCTGAGGTCAGAAGTTCGAGATCAGCCTGGCCAATATAGTGAAACCCCGTCTCTACCAAAAATACAAAAATTAGCTGGGCATGGTGGCGGGTGCCTGTAATCCCAGCTACTCAGGAGGCTGAAGCAGGAGAATTGCTTCAACCTGGGAGGAGAAGGTTGCCATGAGCTGAAATTGCCATTGCACTCCAGCCTGGGTGACAAGAGTGAAACTCTGTCTCGAAAAAAAAAAAAAAAA"
"GL873935","49253","49514","KN297242v1","157225","157487","75","107972","GGCTGGGTGTGGTAGCTCATGCCTGAGGCAGGTGGACCATTTGTGCTCAGGTGTTTGAGACTAGCCTGACCAAGAGCAAAACCTCATCTCTACTAAAATAGAAAAAGTAGCTGGGCATTGTGGCGGGCGCCTATAATCCCAGCTACTCAGGAGGCTAAGGCAGGAGGATTTCTTGAACCCAGGAGTCTGAGGTTTCTGTGAGCTCTGACATCATGGCACTCTACCCAGAGTGAAACTCTTTTTCAAAAAAAAAAAAAAAAGA","CCTTGGGAGGCCAAGGTGGGTGGATCACCTGAGGTCAGGAGTTTGAGAACAGCCTGGCCAACATGGTGAAACCATATCTCTACTAAAAGTACAAAAATTAGCTGGGCATGGTGGCAGAATCCTGTAATCCCAGCTACTCGGGAGGCTGAGGCAGGAGAATAGCTTGAACCCGGGAGGCAGAGGTTGCAGTGAGCTGAGACTGTGCCATTGCACTCCAGCCTAGGCAAAAAGAGAGAAACTCCGTCTCAAAAAGAAAAAAAAAA"
"GL873957","12315","12597","KN297197v1","173467","173764","71","161152","TGGCTCACGTCTGTAATCCCAGCACTTGGAAGACCAAGGCAGGTGGAGTGCCTGAGCTCATAGGTTCGAGACCAGCCTGAGCTTTCAAGGAGACTCCATCTCTAAAAAACAGCCATGCATTGTGGTAGGCACCTGTAGTCCCAGCTACTTGCGAGGCTGAGGCAAGAGGATCATTTGAACCCAAGAGTTGGAGGTTGAAGTGAGCTAAGACACCATGGCACTCTACCAAGAGTGACCAAGTGAAACTCCATCTCAAAAAACAATAAAAAAAAAAAAAAGAAAA","GTGGCTCGTGCCTGTAATCCCAGCACTTTGGGAGGCCAAGGCAGGCAGATCACCTGAGGTCAGGAGTTCGAGACCAGCCTGGCCAACATGGTGAAACCCTATTTCTACTAAAAGTACAAAAATTAGCTAGGCATGGTGGCAGGCACCTGTAATCCCAGCTACTCAGGAGGCTGAGGCAGGAGAATCACTTGAACCCAGGAGGTGGAGGTTGCAGTGAGCTGAGATCGTGCCATTATACTCCAACCTGGGTGACAAAAGTGAAACTCCATCTCAAAAAAAAAAAAAAAAAAGAAAAAAA"
"AAQR03191837","13531","13784","KN295091v1","1943532","1943789","87","1930001","GGTGGCTCACACCTATAATCCTAGCCCTCTGGTAGCCTGAAGTGAGTGGAGTTCTTGAACTAGGGGGTGCTGAGAATGGACTGACCAAAAGTCCAACCGTGTCTCTACTGAAAACTAAAATATGATCTAGACATTGCAACAGGCATGTGTAATCCTAGCCACATGGGAGTCTCAGGCAGAAGGACTGCCTGAATCCTGGAGTTTGAGTTTGCTATGATCTAGGCTGAGGCCAGTAAAATCTAGCCTGGGTCACA","TGGCTCTGCCTGTAATCCCAGCACTTTGGGAGGCTGAAGGGGGGGCAGATCACATGAGGTCAGGAGTTCGAGACCAGCCTGGCCAACATGGTGAAACCCTGTTTCTATTAAAAATAAAAAAAAAAATTAGCCAGGCGTGGTAGTGGGCATGTGTAATCCCAGCTACCTGGGAGGCTGAGGCAGCAGAATCGCTTGAATCCAGGAGGTGGAGGTTGCAGTGAACCAAGATCGCGCCATTGCACTCCAGCCTGGGCAACA"
"AAQR03198206","4","307","KN294569v1","212023","212316","83","212019","GGCTGGGCATGGTGGCTCACGCCTGTTGTCCCAGCGCTGTGGGAGGCCCAGGTGGGTGGATCACCTGTGCTCAGAGGTTCGAGACCAGCATGAGCCAGAGTGAGAGCCAGAATGAGATCTTGTCTCTACCAAAAATCGCCAGGCATTCTGGCAGGTGCCTGTAATCCCAGCTACGTGGGAGGCTGAGGCTAGAGAATAACTTAAACCCAGGGACCCAGGGGTTGGCGGAGGTTGCTGTGAGCTATGATTCCATGGTACTCTACTGAAGGACACAAAGTGAGACTCTGTCTCCATTAAAAAAAAA","GGCCGGGCATGGTGGCTCACGCCTGTGATCCCAGCACTTTAGGAGGCCAAGGCGGGTGGATCACCCGAGGTCAGGAGTTCAAGACAAGCCTGGCCAATGTGGTGAAACCCTATCTCTACTAAAAATACAAAAATTAGCCAGGCATGCTGGCACACGCCTGTAATCCTAGCTACTTGGGAGGCTAAGGCACGAGAATAGTTTGAACCTGGGAGGCGGAGGTTGCAGTGAGCTGAGATCATGCCATTGTACTCCAGCCTGGGCAACAAGAGTGAAACTCTGTCTCAAAAAAAAGAA"
