"KQ052968v1","5623968","5624025","JH378115","6480316","6480369","22","856348","CAAAAAATTAGAAACAACCCAAATAAGCTGGGTGTAGTGGCAAGCACCTGTAGTCCTA","TAAGAAGACAATAAAAAGTTTATCCAGGCATGGTGGCAAGCACCTATAGTCCCA"
"KQ052968v1","9367539","9367593","JH378106","1406306","1406359","16","7961233","ACAGGAATTTAGCCTGGGTGACAGAGACTCTGTCTCAAAAAAAATAATAATAAAA","CACTCCAGCCTGGGTAACGAGCGAAACTCTGTCTCAAAAAAAAAAAAAAAGAAA"
"KQ052969v1","4385577","4385658","JH378108","53339637","53339702","22","48954060","GGAAGGCTGGTAGGAGAACATTTGACGCCCTCTAGCCTGGGCAGCAAAGCGAGACTCTGTCTCCAAAAAAAAAAAAAAAAAA","AGCCAAGGAATTGCCCTCCAGCCTGGGCAACAGAGTGAGACTGTCTCCAAAAAAAAAAAAAAAAAA"
"KQ052970v1","21557311","21557365","JH378105","48146629","48146683","7","26589318","ACTCTAGCCTGGGCAACAAAGCGAGACTCTGTCTCAAAAAAAAAAATAAAAAAAA","CTCCAGCCTGGGTAACAAGAGCGAAACTCCGTCTCAAAAAAAAAAAAAAAAAAAA"
"KQ052993v1","1440011","1440026","JH378110","28985751","28985766","5","27545740","ATGAAAGTGTAACAAA","ATAGAAACACAACAAA"
"KQ053059v1","2524547","2524562","JH378172","7357393","7357406","8","4832846","GGTGGCGCCGCTCGCC","GGCCAGGCGCGGTG"
"KQ053059v1","2524593","2524674","JH378112","32631688","32631759","26","30107095","CCAGGCAGCTGTGGCTCATGTCTGTAATGTCCTAGCACTTTGGGCAACGCCAAGGTGCGCGCAGCAAATGCTGGGGTCGGAG","GCCGGACGCGGTGGCTCAAGCCTGTAATCCCAGCACTTTGGGAGGCCGAGGTGGGTGGATCACGAGGTCAAG"
"KQ053084v1","13005","13073","JH378113","21406114","21406181","19","21393109","CTGACGCACAGCACTCACTCTACCTGGCAACAAAGCGAGACTCTGTCTCAAACAACAAGAAGAGAAAAA","GAGATCGCGCCATTGCACTCCAGCCTGGGTAACAAGAGCGAAACTCTGTCTCAAAAAAAAAAAAAAAA"
"KQ053089v1","728215","728274","JH378128","462363","462420","12","265852","TGGCACTCTAGCACTCTAGCCTGGGCGACAGAGTGAGACTCAGTCTCAAAAAAAAAAAAA","CGCCATTGCACTCCAGCCTGGGTAACAAGAGCGAAACTCCGTCTCAAAAAAAAAAAAA"
"KQ053093v1","2296642","2296704","JH378174","10487930","10487993","13","8191288","GCCACAGCACTCACTCTAGCCTGGCACAAAGCAAGACTCTGTCTCAAAAAAAAAAAAAAAAAA","GCACCATTGCACTCCAGCCTGGGTAACAAGAGTGAAACTCTGTCTCAAAAAAAAAAAAAAAAAA"
"KQ053105v1","349","434","JH378116","27731070","27731132","35","27730721","GGCCGGGCGCGGTGGCTCACGCCTGTCATCCCAGCTACTTTGGAGGCTGAGNNNNNNNNNNNNNNNNNNNNNNNNNGCCCCCGGCT","GGCCGGGCGCGGTGGCTCACGCCTGTAATCCCAGCACTTTGGGAGGCTGAGGCGGGTGGATCA"
"KQ053135v1","5226462","5226474","JH378120","16922684","16922696","0","11696222","ATTAAAAATAAAA","ATTAAAAATAAAA"
"KQ053141v1","8255","8328","JH378113","21406114","21406181","18","21397859","GTGAGATCCACCTTTTTCTAGCCCTGTCTCTTGTGTATACAAAGCGAGACTCTGTCTCAAAAAAAAAAAAAAAA","GAGATCGCGCCATTGCACTCCAGCCTGGGTAACAAGAGCGAAACTCTGTCTCAAAAAAAAAAAAAAAA"
"KQ053147v1","249910","249999","JH378118","33994178","33994261","23","33744268","GGCTGGGTGTGGTGGCTCATGCCTGTAATCCTAGCACTTTGGGAGGCCAGGAGTTGGAGGCTGCAGTGAGCTATGATCATACCACTTCAC","GGCCGGGTGCGGTGGCTCAAGCCTGTAATCCCAGCACTTTGGGAGGCCGAGGCGGGTGGATCACGAGGTCGAGATCAAGACCAT"
"KQ053190v1","2418631","2418755","JH378153","12657456","12657551","45","10238825","TATAGAAAATCCACCATTTCAGACTGGTGTGGTGGCTCAAGCCTATAATCCTAGCACTTTGAGAGGCCAGGTGGGAGGATTGAGGGAGAAGGTCAGGAGTTCAGGTCCATCATTTCTGGGAAACA","GCCGGGTGCGGTGGCTCAAGCCTGTAATCCCAGCACTTTGGGAGGCCGAGGTGGGTGGATCACAAGGTCAAGAGATCGAGACCATCCTGGTCAACA"
"KQ053212v1","1087258","1087323","JH378161","14405407","14405473","20","13318149","TAGAAAGAAGTGGCTTGCCTGGCATGGTGTCAGGTGCATGTAGTCCCAGCTACTTGGGAGGCTGAG","AAAAAAAAAAAAACTTGGCCAGGTGTGGTAGTGGGCACCTGTAGTCCCAGCTATTCAGGAGGCTGAG"
"KQ053213v1","266","329","JH378213","1522647","1522709","17","1522381","CACCACGGAACTCTAGCCCAGGCTAGAGATCGAGACTCTGTTGCAAAAAAATAAAAATAACAAA","CACCATTGCACTCCAGCCTGGGTAACAAGAGCGAAACTCCGTTTCAAAAAAAAAAAAAAAAAA"
"KQ053213v1","3497","3565","JH378123","21054646","21054712","23","21051149","GTAAGATTCTGTGTGTACTAAAAAATAGGAAAAAATTAGCCAAGCACGGTGCTGCACCTGTAGCCCCAG","GTGAAACCCCGTTTCTAATAAAAATACAAAAATTAGTTGGGCATGGTGGCGGGCACTTGTAGTCCCA"
"KQ053223v1","3198961","3199032","JH378264","3493063","3493125","20","294102","AAGAGATAGGCCGGGTGGTGGCTCACATCTGTAATCCCAGCACTCTGGGAGGCCAAGGCAGTCGGATCTTTT","GGCCGGGCACGGTGGCTCATACCTGTAATCCCAGCACTTTGGGAGGCCAAGGCAGGTGGATCA"
"KQ053245v1","499933","499998","JH378186","2087236","2087297","12","1587303","GCCATGGCACTCACTCTAGCCTGGGCAACAAAGCAAGATTCTGTCTCAAAAAAAAAGAAAAGAAAA","GCCATTGCACTCCAGCCTGGGTAACAAGAGCGAAACTCCGTCTCAAAAAAAAAAAAAGAAAA"
"KQ053278v1","1905148","1905302","JH378148","12078107","12078258","53","10172959","GGGCGGGCGCGTGCTCACGCTATACCTACACCTTTTGGGGGATGCCGGAGGCGGGGGAGGTTGCTCGAGTCAGGACGATCGAGACCTTGCCTGGAACACAATATTCCTGTCTCTACTAAAATATAAGTATATGGCAACTAAAATAGAAACAAAAT","GGCCGGGCGCGGTGGCTCAAGCCTGTAATCCCAGCACTTTGGGAGGCCGAGGCGGGGGGATCACGAGGTCAAGAGATCGAGACCATCCTGGTCAACACGGTGAAACCCCGTCTCTACTAAAAAAAAATACAAAAAAATTAGCTGGGCATGGT"
"KQ053343v1","2567497","2567562","JH378106","6592997","6593062","14","4025500","AACAACCCCTCATTCTAGCCTGGGCAACAAAGCGAGACTCTATCTCAAAAAAAAAAAAAAAAAAAA","GCGCCATTGCACTCCAGCCTGGGTAACAAGAGCGAAACTCCGTCTCAAAAAAAAAAAAAAAAAAAA"
"KQ053387v1","3926299","3926571","JH378122","1043956","1044173","118","2882343","AGACCACCCTGAAAGCAATGAACCCGTCTCTACTAAAAATACAAAATAATTGCACCTGTAGTCCCAGCTACCTGGAGCGATCTAGATTTCTTGAGCCCAGATTTGACCAAGGGCCGAAGATTATACCCCGTCCGTATTAAAATAGAAATAAGGTTCACCTGTAGTGCCCAGCTATTTGACGATGCATAGATTGCTTACGAGTTTGAGCGCATGAATTATATCAATACCTACTGCACTCTACCCAGTAGACTCTTGTCTCAAAAAAAAAAAAAA","AGACCAGCCTGGCTAACACAGTGAAATCCCATCTCTACTAAAAATACAAAAAAATTAGCCGGGAGTGGTGGTGGGCGCCTGTAGTCCCAGCTACTCGGAAGGCTAAGGCAGGAGAATTGCTTGAACCCAGGAGGCAGAGCTTGCAGTGAGCCGAGACAGTGCTACTGCACTGCAGCCTGGACAACAGAGCGAGACTCTGTCTCAAAAAAAAAAAAAAA"
"KQ053421v1","800854","801016","JH378109","42127484","42127604","64","41326630","GCTGAGAACAGTGGCTCATGCCTGTAATCCCAACAATTTGGGAGGCTGAGCCTGCGGAGGATTTGCGCCTCTTGCGACGCCGGGCAGGAGTTCAACGACCCCCCTGCGCGGAGCAATCCACCCGAAGAATCCAAACCTACCTGGGTGTGCGGCGCGGAGCGCC","CTGGGAGCAGTGGCTCACGCTTGTAATCCCAGCACTTTGGGAGGCTGAGGCAGGTGGATCACGAGGTCAGGAGATCAAGACCATCCTGGCTAACACGGTGAAACCTGGTCTCTACTAAAAA"
"KQ053476v1","1926006","1926080","JH378172","12150534","12150603","19","10224528","TCGCCCCAGTGCACTGCATTCTAGCTTGGGAAACAGAATAAGACTTTGTCTGTATAAAAAAACAAAAACAAACAA","TCGCGCCTGTTCCCAGCACTCCAGCCTGGGCAACAGAGTGAGACTGTCTCAAAAAAAAAAAAAAACAAAA"
"KQ053520v1","1223334","1223471","JH378110","7458195","7458321","48","6234861","AGCCAGGCATGATGGTGGGCACCTGTAGTCCCAGCTACTTGGGAAGCTGTGGTGTGCTATGATTACACATGTGAATAGCCACCACACTGTGGCACCTGGGCAAATAGTAAGATCCTGTCTCCAAAAAAGAGAGAGAGA","GGCCGGGCATGGTGGCTCATGCCTGTAATCCCAGCACTTTGGGAGGCTGAGGTGGGCGGATCACCAGGTCAGGAGATCAAGACCATCCTGGCTAACATGGTAAAACCCCATCTCTAAAAAAAAAAAA"
"KQ053643v1","500515","500594","JH378105","57927808","57927886","23","57427293","GGCGCGTGGCTCACGCCTATAATCCTAGCACTGGGAGGCGCGGCGGGCGATTCTCGAGGTCAGCCCAGAATTTAAGGACC","GGCCCGGTGGCTCACGCCTGTAATCCCAGCACTTTGTCAGTCCGAGGCGGGTGGATCACGAGGTCAAGAGATCAAGACC"
"KQ053696v1","4696431","4696495","JH378115","21118357","21118420","14","16421926","CTGGTAATGACTACTGCACTCAAGCCTGGCCAACAGAGTGAGACTCTGTCTCCAAAAAAAAAAAA","TGTAACTCACCACTGCACTCCAGCCCGGGTGACAGAGTGAGACTCCATCTCAAAAAAACAAAAA"
"KQ053718v1","2776337","2776404","JH378116","25320176","25320243","15","22543839","GCTCAGGAGTTCTGCACCCCAGCCTGGGCAACAGAGCAAGACTCTGTCTCTAAAAATAATAATAATAA","GCTTGTAGGTAACTGCACTCCAGCCTGGGCAACAGAGCAAGACTCCATCTCAAAAAAACAAAACAAAA"
"KQ053741v1","1707652","1707716","JH378105","8379320","8379374","21","6671668","GTCAGGCATGGTGGTAAGCGCCTGTAGTCCCAGCTACACCAGAGGCTGAGTTAGGACATTCCCTT","TAGATATGGTGGGCACCTGTAATCCCAGATACTCGAGAGGCTGAGGAAGGAGAAT"
"KQ053763v1","4317558","4317607","JH378115","10419508","10419551","8","6101950","TGGCACAGGTGACAGAGCAAGACTCTGTCTCAAAAAAAAAAAAAAAAAAA","GGCAACAGAGCAAGACTCTGTCTCAAAAAAAAAAAAAAAAAAAA"
"KQ053827v1","5969901","5970004","JH378166","1134854","1134929","45","4835047","TATTGGAAATAGAAGGGAATTTCCTTAACCGAATAAAAAATCTAGGCTGGGCACGGTGGCTCATGCCTGTGACCCTAGCCCTCTGGGAGGCCAGATAGATAGAT","ATAAAAAGATTCTAAGCCAGGTAGCGGTGGCTCACACCTGATAATCCTAGTACTCTGGGAGGCTGAGGCAGGTGGA"
"KQ053945v1","3805","3878","JH378119","23315631","23315691","20","23311826","AAAATCAATCAATCGGCCGGGCGCTGTGGCTCACGCCTGTAATCCTAGCTCTTGGGAGGCCGAGGCGGGCGGAT","GGCCGGGCGCGGTGGCTCAAGCCTGTAATCCCAGCACTTTGGGAGGCCGAGGCGGGTGGAT"
"KQ053993v1","866369","866435","JH378158","11054635","11054689","24","10188266","GTTAAGACAGTGAGACCCCATCTCTACAAAAATTTTAAAAAATTAGCCAGGCATGGTGATGCGGACG","AAACCCCATCTCTACTAAAAATACAAAAAATAAGCTAGGCATGGTGACAGGCGCC"
"KQ053998v1","15669","15684","JH378130","23733744","23733758","7","23718075","CAAGGATCTGGACTAA","AAAGGAAAAAGAAAA"
"KQ054026v1","2008509","2008586","JH378264","399270","399344","25","1609239","AATAGGCCAAATTAGCTAATGTCGCGTGGCAAGCTCCTGTACTCCCAGCTACTTGGGAGGCTGAATACACAGGAGTAT","AATTCAACAAAATTAGCTGGACGTGGTGGTGGGCACTTATAGTCCCAGCTACTCGGGAAGCTGAGGCAGGAGAAT"
"KQ054069v1","5232192","5232281","JH378166","1134854","1134929","33","4097338","AAGATATAAAACTGTCAGCAGCCTGGGTGCAGTGGCTCATGCCTGTAATCCCAGCACACTGGGAGGTAGACGTAGGCAGATGGTTTGTGC","ATAAAAAGATTCTAAGCCAGGTAGCGGTGGCTCACACCTGATAATCCTAGTACTCTGGGAGGCTGAGGCAGGTGGA"
"KQ054113v1","1615894","1615964","JH378305","1149016","1149084","18","466878","TATAGTGATGCCATTGGCACTCTATCTGGGCAGCAAGCGAGACTGCTTCTCAGAAAAAAAAAAAAAAAAGA","GAGATCGTGCCATTGCACTCTAGCCTGGGTAACAAGAGCGAAACTCCGTCTCAAAAAAAAAAAAAAAAA"
"KQ054135v1","1627420","1627508","JH378120","30110499","30110574","26","28483079","GACCAGGTGTGGTGGCCTCACGGCTGTAATCCGTTAGCACTTTGGGAGGCCCAAGGTGGGCAGAATTGGTCTCCTGCCAAGGTCCAGGA","GCCGGGCGTGGTGGCTCAAGCCTGTAATCCCAGCACTTTGGGAGGCCGAGGCGGGTGGCTCACAAGGTCGAGAGAT"
"KQ054156v1","3149","3227","JH378160","11575160","11575212","31","11572011","NNNNNNNNNNNNNNNNNNNNNNNNNCTCTAGCCTGGGCAACAGAGCGAGACTCTGTCTCAAAATAATAAGAAGAAGAAA","CTCTAGCCTGGGCAACAGAGTGAGACTTTGTCTCAAAAAATAATAAAAATAAA"
"KQ054191v1","2982721","2982848","JH378247","3302013","3302147","43","319292","AACTAAGTGTGGTGGCTCATACCTGTAATCCCAGCTACTTGGGATTGCTGGAGCTCAAGAGTTCAGGTCCAACTTGGGCAACCTGGTGAGATCCACATCTCTTTAAAAAATAATAATAATAAGCCAGG","GGCCAGGCGCGGTGGCTCAAGCCTGTAATCCCAGCACTTTGGGTGGATCACGAGGTCAAGAGATCGAGACCATCCTGGTCAACATGGTGAAACCCCGTCTCTACTAAAAATACAAAAAATTAGCTGGGCATGGTG"
"KQ054301v1","2802436","2802513","JH378140","9946999","9947070","19","7144563","GGTTGCTGTCAAATAGAGAGAGATACCTCTAGCCTGGGCACAAACGAGACTCTGTCTCAAAAAAAAAAAAAAAAAAAA","TGAGTAAAAGAGTAGGAAATCCAGCCTGGGTGACAGAGTGAGACTTTGTCTCAAAAAAAAAAAAAAAAAAAA"
"KQ054367v1","2613083","2613147","JH378194","9005370","9005427","11","6392287","CCAGTGAGTGACTCCAGCCTGGGTGAAAGAATGAGACTCTGTCTCAAAAAAAAAAAAAAAAAAAA","CCACTGCACTCCAGCCTGGTGACAGAGTGAGACTCTGTAAAAAAAAAAAAAAAAAAAA"
"KQ054378v1","130395","130451","JH378133","15347976","15348030","11","15217581","CACTCACTCTAGCTTGGGCAACAAAGCAAGGCTCTGTCTCAAATAATAAAAAAAAGA","TCTAGCCTAGCCTGGGCAACAGAGCAAGACTCTGTCTCAAAAAAAAAAAAAAAAA"
"KQ054466v1","451476","451543","JH378110","7860263","7860330","18","7408787","TTGCACCACTGCACTCCAGCCTGACTGACTGACAGCGTGAGAGTCTGTCTCTAAATTAAATAAATAAA","TGAATACCCACTGCAGTCCAGCCTGGGTGACAGAGTGAGACTCTGACTCAAAATAAAATAAAATAAAA"
"KQ054510v1","2740498","2740568","JH378110","7860263","7860330","16","5119765","TGTGTATACACACTGCACTCCAGGTTGGCTGACAGGGAGAGACTCTGTCTCAAAAAGAAAAGAACAGAAAA","TGAATACCCACTGCAGTCCAGCCTGGGTGACAGAGTGAGACTCTGACTCAAAATAAAATAAAATAAAA"
"KQ054565v1","5905207","5905273","JH378235","5799820","5799888","14","105387","CACGGCACTCACTCTAGCCTGGGCAACAAAGCGAGACTCCGTCTCAAAAAAAAAAAGAAATTTACTG","CACGCCATTGCACTCCAGCCTGGGTAACAAGAGCGAAACTCCGTCTCAAAAAAAAAAAAAAAAAAAGAA"
"KQ054660v1","3340902","3340954","JH378312","308654","308701","17","3032248","GAGTGAGACCCATCTCTACTAAAAATAGAAAAAATAAGCCAGGCAACTGAAAA","GAAACTCCATCTCTACTAACAATACAAAAATTAGCAAGGCGTCATAGC"
"KQ054682v1","2176400","2176469","JH378222","586348","586415","15","1590052","GATGCTACGGCACTCACTCTAGCCTGGGCGACAAAGCGAGACTCTGTCTCCAAAAATAAAAAGAAAAGAA","GAGATCACGCCATTGCACTCCAGCCTGGGTAACAAGAGCGAAACTCTGTCTCAAAAAAAAAAAAAAAA"
"KQ054804v1","1309512","1309610","JH378159","3648775","3648879","28","2339263","GGCTGGGGCCGGTGGCTCACGCTGTAATCTGCATTGGGAGGCGAGGCGGCTGAATCGTTAGGTAGGAGATTCAAACAGCCTGCTGGTCCAAAAGTGAGA","GGCTGGGCGCGGTGGCTCACGCCTGTAATCCCAGCACTTTGGGAGGCCGAGGTGGGTGGATCACGAGGTCAAGAGATCAAGACCATCCTGGTCAACATGGTGAAA"
"KQ054837v1","464928","464950","JH378110","38542275","38542292","8","38077347","CTATAATAACAAAAACAGCATGA","AAAAAAACAAAAAACAAA"
"KQ054932v1","3952249","3952324","JH378153","2205943","2206018","19","1746306","TGAACTCTGACATCCGGGCTCACTGCAGGCTGGGCAACAAAGCGAGACTCTGTCTCCAGAAAAAAAAAAAAAAAAA","TGAGCCAAGATCGTGCCATTGCACTCCAGCCTGGGTAACAAGAGCGAAACTCCGTCTCAAAAAAAAAAAAAAAAAA"
"KQ055004v1","1582693","1582788","JH378110","28570819","28570889","35","26988126","TTTCTTCAAAAATAAACCTTAAGGGCCGGGCGCGGTGGCTCACGCCTGTAATCCTAGCTCTTGGGAGGCCGAGGCGGGCGGGGCCCGCTGAGGACA","GGCCGGGCGCGGTGGCTCAAGCCTGTAATCCCAGCACTTTGGGAGGCCGAGGCGGGTGGATCACGAGGTCA"
"KQ055014v1","2688827","2688892","JH378106","60817377","60817446","19","58128550","CTATAAATCGTCACTGCATTCCAGCCTGCGTGACAAGAGACTATCTTAAAAAAAAAAAAAAAGAAA","CCAAGATCGTGCCACTGCACTCCAGCCTGGGCAACAGAGCAAGACTCCATCTCGAAAAAAAGAAAAAAAA"
"KQ055035v1","8271819","8271829","JH378121","9471286","9471297","4","1199467","AAAATATTAAC","AATAAAAATAAA"
"KQ055076v1","1285488","1285572","JH378140","9946999","9947070","21","8661511","GTTGTGAGCTTAAGAGTGTAACAGCAAAAAACTCCAGCCTGGGCAACAAAGTGAGACTCTGTCTCAAAATAAAAAAAAAAAAAAA","TGAGTAAAAGAGTAGGAAATCCAGCCTGGGTGACAGAGTGAGACTTTGTCTCAAAAAAAAAAAAAAAAAAAA"
"KQ055087v1","1033652","1033773","JH378151","17111686","17111790","43","16078034","TAAAAACCATATAAAGACTGGGTGCAAGGTGGCAAGAGCGCTGTAGTCCGTAGCTACTCGGAGAGGCTGAGGCAGGAGAATGCGACTTCAACCCAGGATGCTTGCTGAGGAGTGGCTATGAT","AACTAGCTAGCGAGATGGCACACACCTGTAGTCCCAGCTACTTGGGAGGCTGAGGCAGGAAAATAATTTGAACCCAGGAGGCAGAAGTTGCAGTGAGCCAAGATC"
"KQ055152v1","2826700","2826777","JH378166","1134854","1134929","19","1691846","TCTATAAAAAAGACATCTAGGCCGGGCGCTGTGGCTCACGCCTGTAATCCTAGCTCTTGGGAGGCCGAGGCGGGCGGA","ATAAAAAGATTCTAAGCCAGGTAGCGGTGGCTCACACCTGATAATCCTAGTACTCTGGGAGGCTGAGGCAGGTGGA"
"KQ055192v1","1678576","1678714","JH378225","6071081","6071197","52","4392505","GGTCACAAATGATTGAAACCAACCTCGAGGATCAACTGAATGGTGGAACTCCATGCTGCAACCAAACACTCAAATGCTTGGCTAGGCATGGTAGCTCACGCCTGTAATCCTAGATCTATGGGAGGTCGAGGCGGACGGA","ATCGAGACCATCCTGGTCAACAAGGTGAAACCCCGTTTCTACTAAAAATACAAAAAATTAGCTGGGCATGGTGGCACGTGCCTGTAATCCCAGCTACTCAGGAGGCTGAGGCAGGAG"
"KQ055342v1","1270632","1270649","JH378255","2042897","2042912","8","772265","GGGTGTGGGCAACTGGAG","TTAGCTGGGCATGGTG"
"KQ055352v1","9077789","9077859","JH378173","2705382","2705445","23","6372407","AGCCGAGCATGGTAGTGGGCGCCTGTAATCCCAGCTACTCAGGAGGCTGGGGTGGGAGGCCTGTCTAAGCC","GGCCGGGCATGGTGGCTCAAGCCTGTAATCCCAGCACTTTGGGAGGCTGAGGCGGGTGGATCAC"
"KQ055384v1","691579","691639","JH378131","1119411","1119469","11","427832","AGCTTAAAAACAGCCTGGGCAACAAAGCGAGACTCTGTCTCAAAAAAAAAAAAAAAAAAAA","AGTTTTAATCCAGCCTGGGGGACAAAGTGGGACTTTGTCTCAAAAAAAAAAAAAAAAAA"
"KQ055394v1","9285","9344","JH378128","462363","462420","12","453078","TGGCACTCTAGCACTCTAGCCTGGGCGACAGAGTGAGACTCAGTCTCAAAAAAAAAAAAA","CGCCATTGCACTCCAGCCTGGGTAACAAGAGCGAAACTCCGTCTCAAAAAAAAAAAAA"
"KQ055499v1","4474","4531","JH378133","15347976","15348030","14","15343502","CACTCACTCTAGCCTGGGCAACAAAGGGGACTCTGTTTTAAAAATAACAAAATAAAAA","TCTAGCCTAGCCTGGGCAACAGAGCAAGACTCTGTCTCAAAAAAAAAAAAAAAAA"
"KQ055651v1","2675279","2675341","JH378116","14750710","14750764","14","12075431","GGAGTTCCCATCTAGCCTAGGCAAGAAAGCGAGACTCTGTCAAAAAAAAAAAAAAAAAAAAAA","CACTCCAGCCTGGCAACAGAGCAAGACTCTGTCAAAAGAAAAAAAAAAAAAAAAA"
"KQ055662v1","1383246","1383323","JH378166","1134854","1134929","23","248392","TATTAAAAACTATAGCACACGGCCGGGCGCTGTGGCTCACGCCTGTAATCCTAGCTCTTGGGAGGCCGAGGCGGGCGG","ATAAAAAGATTCTAAGCCAGGTAGCGGTGGCTCACACCTGATAATCCTAGTACTCTGGGAGGCTGAGGCAGGTGGA"
"KQ055663v1","867917","867993","JH378166","1134854","1134929","23","266937","TACTAAAATTTGTGAATATAGGCCGGGCGCGGTGGCTCACGCCTGTAATCCTAGCACTCTGGGAGGGGAGAGGGCGG","ATAAAAAGATTCTAAGCCAGGTAGCGGTGGCTCACACCTGATAATCCTAGTACTCTGGGAGGCTGAGGCAGGTGGA"
"KQ055766v1","3547210","3547415","JH378294","1877177","1877371","84","1670033","GGTGGCTCAAGCCTGTAATCTCCAGCGACTTGGCGACATCAAGGCACGGAGGGTCTGCGGACCCTCAGCCCTCCGGGCACACCGGTGAGCACCCCACTATCTCTTATGAAAAAAATTAGCCACGCATGGTGGTCACACCATCTCTGTAGCTCCAGGCTACTAGGGAAGCTGCGTGGAGCCGGAAATTGAGGTTGGGAGTCGGAAGT","CTCAAGCCTGTAATCCCGGCACTTTGGGAGGCCGAGGCGGGTGGATCACGAGGTCGAGGGATCGAGACCATCCTGGTCAATATGGTGAAACCCCGTCTCTACTAAAAATGCAAAAAATTAGCTGGGCATGGTGGCACGTGCCTGTAATCCCAGCTACTCAGGAGGCTGAGGCAGGAGAATTGCCTGAACCCAGGA"
"KQ055826v1","6258","6362","JH378257","735268","735358","32","729010","GGCCGGGAAGGTGGCTCACACCTGTCAAATCTCAGCACTTTGGGAGAGCGCCTGGATGGCAGAGGACGCGGGATCCTTGCGCCCAAGAACATCAAACCGACCAGG","GGCCGGGCGCGGTGGCTCACGCCTGTAATCCCAGCACTTTGGGAGGCCGAGGCGGGCGGATCACGAGGTCAAGAGATCGAGACCATCCTGG"
"KQ055872v1","1928823","1928851","JH378190","9233966","9233995","12","7305143","AACCCCACCCATTAAAAATGACAATTATG","ACTCATCTCTACTAAAAATATGAAAATTAA"
"KQ055872v1","12909069","12909119","JH378242","409433","409482","20","12499636","GGCACAACTGCCTGTAATCTCAGCACATCGGGAGGCTGAGGCAAAGAAGGA","TGGTGGCAGGTGCCTATAATCCCAGCTACTAGGGTATGCTAGTAGAATGG"
"KQ055893v1","1307174","1307227","JH378187","2987833","2987879","21","1680659","CACACATGTAATCCCAGCACTTTGGGAGGCCCAGCTGGGCAATTCACATCCCAG","GCCACCTGTACTCCAGCCTGGGTGACAGAGCGAGACTCCACCACCAA"
"KQ055978v1","4572890","4572965","JH378166","1134854","1134929","23","3438036","CTAAAGAACTAGAAAACTGGCCGGGCGCTGTGGCTCACGCCTGTAATCCTAGCTCTTGGGAGGCCGAGGCGGGCGG","ATAAAAAGATTCTAAGCCAGGTAGCGGTGGCTCACACCTGATAATCCTAGTACTCTGGGAGGCTGAGGCAGGTGGA"
"KQ056064v1","5550563","5550656","JH378129","25254735","25254824","31","19704172","ACCCCATCTCTACCAAAAATAGAAAAAATTATCCAGGCATGGCAGCATGTGCCTTTAGTCCCAGCCACTGGTAATACACTTTGGGGCAGTAGGA","ACCCTGTCTTTACTAAAAATACAAAAAATTAGCCGAGTGTCATGGCAGGCGCCTGTAATCCCAGCTACCAGGAGGCTAAGGCAGTAAAAT"
"KQ056108v1","962331","962397","JH378106","23611377","23611446","11","22649046","GGCCGGGCGCTGTGGCTCACGCCTGTAATCCTAGCTCTTGGGAGGCCGAGGCGGGCGGTCCTCGCTC","GGCCGGGCGCGGTGGCTCAAGCCTGTAATCCCAGCACTTTGGGAGGCCGAGGCGGGTCGATCACGAGGTC"
"KQ056234v1","4280570","4280670","JH378115","42405694","42405785","31","38125124","TGAATTTAGATGTTAAAAATAAATATGAGGGGCTGGGCACCTCAGCACTCTAGCCTGGGTGACAGAGCAAGACTCTGTCTCAAAATAAATAAATAAATAAA","CAGGAGGGAAAAATTATAGTATAAGAAAGCTGCATCACACTTCAGCCTGGGGTACGGAGCAAGACTCTGTCTCAAAAAAAAAAAAAAAAAAA"
"KQ056279v1","849408","849712","JH378149","14497733","14498007","115","13648325","GCCTATAAATCCTAGCCACTTCTTGTCGGAGGCTTGCAGGTGGTCCCAGATTCAAGACTCATTCTTGCGAAACAACATATTGATGCACCGCTGCTCTCTTACGAAAGTACATACTAGATAAAAACTAAGCTGGGTGCGGTGACATGTGCACTATAGCTCCTCGGAGGTCTGAAGGTCTACGGAGACTGCATTAGCCCAGGAGACGGTTCCAGTGAGCCTGTGATGATCCACTGCACTCTAGTCCCAGGGGCAGAGTGACGAACCCAATGCTCAGAGCAAAGTAATCTAAAAACAAAACAATAAGA","CCAGTTCTTTGGGAGGCCGAGGTGAGTGGATCACGGGGTCAGGAGATCAAGACCATCTTGGCCAACATGGTGAAACCCCGTCTCTACTAAAAATATAAAAAAATTAGCTGGGCATGGTGTCACATGCCTGTAGTCCCAGCTACTCGGGAGGCTGGGGCAGGAGAATTGCTTGCACCCAGGAGGCAGAGATTGCAGTGAGCTGAGATTGTGCCACTGTACTGCAGCCTGGGCGACAATGCGAGACTCTGTCTCAAAAAAAAAAAAAAAAAAAAAGA"
"KQ056320v1","1109743","1109771","JH378118","29213121","29213148","10","28103378","GAGACCGAGACAGGAGGAGTAGGCAGAGA","GAGAAAGAAAAAGAGAGAGAGAGAGAAA"
"KQ056320v1","1110386","1110614","JH378189","6720217","6720432","72","5609831","ACCATCCTGGACAACATAGCAAAACCGTTGTCCTCTACAAAAAGTAAAAAAAATTAGCCCAGCGCTTAGCCCTGTAGTCCCAGCCTACTCGGGAGGGCTGAGGGCAAAGGATGGCTGAGCCAGGAGTTGGAGCGTTGCCTGTGAGCTGAGGCGATACGCCACGGCGCTGTAGCCCGGGCGACAGAGTGGAGAACTGGTCTCAAAAAAAAAAAAATAATAAGAAGAAGAA","ACTATCCTGGCTAACACAGTGAAACCTTGTCTCTACTAAAAATACAAAAAATTAGCCAGGCATGGTATGTGCCTGCAGTCCCAGCTACCTGGGAGGCTGAGGCAGGAGACTTGCTTGAACCTGGGAGGCAGAGGTTGCAATAAGCCGAGATGGCACCACTGCACTCTAGCCTGACCAACAGAGGGAGGCTCCGTCTCAAGAAAAAAAAAAACAAAA"
"KQ056386v1","3202561","3202629","JH378134","17319471","17319532","17","14116910","GGGAAGATCACTTGAGCCCAGCCTGGGCAATAGAGGAAGACTTTGTTTCAAAAAAGAAAGAAAAAAAAA","GCCATTGCACTCCAGACTGGGCGATAGAGCAAGATTTTGTTTCAAAAAAGATAAAAAAAAAA"
"KQ056456v1","2024450","2024493","JH378282","1169514","1169553","11","854936","TAACAAGTGCACTCTAGCCTGGGCAACAGAGCAAGATTCTGTCT","ACTGCATTCTAGCCTGGGCAACAAAGCAAGACTCCCGTTT"
"KQ056739v1","5456","5529","JH378166","1134854","1134929","22","1129398","AAAAATGTCAAAATGCCAGCACTCGCTGTGGCTCACGCCTGTAATTCTAGCTCTTGGGAGGCCGAGGCGGGCGG","ATAAAAAGATTCTAAGCCAGGTAGCGGTGGCTCACACCTGATAATCCTAGTACTCTGGGAGGCTGAGGCAGGTGGA"
"KQ057036v1","1102696","1102827","JH378112","33322049","33322167","57","32219353","TATTGAAAATAATAGTGTTAGTCAGATGCAGTAGTATGTGCTTGTAATCTCAGCTATTCAGGAGGCTGAGGCAGCAAGAGTTTGAGACCATTCTGGGTGATATATTGAGATCCCATCTCATTAAAAATATAA","TTAGCCAGGCATGGTGGAGGGCACCTGTAATCCCAGCTACTCAGGAGGCTGAGGCAGGAGATTGCGCCACTGCATTCCAGCCAAGGCCACAGAATGACTCTGCCTCAAAAAAAAAAAAA"
"KQ057082v1","473027","473096","JH378143","6230399","6230462","21","5757372","GAACGATGATGGTCTGCAGTCTAGTACAGGTGACAGAGCTAGACTCTGTCTCAAAAAATAATAATAATAA","TGAACTATGCACTGCACTCCAGTCTGGGTGACAGAGCAAGAATGTGTCTCAACAACAACAAAAA"
"KQ057122v1","4079","4159","JH378206","6396194","6396276","29","6392115","CCAGCCTGAGCAATAACAAAAATAAAAAAAATAAGCCCAGTGTGGTGGCGTGAATCCATAGTCCCACCTACTGAGGAGGCT","TGTAATCTCGCCTCTACTAAAAATAGAAAAAATTAGCCAGGCATGGTGGCAGGCACCTGTAATCCCAGCTACTAGAGAGGCTG"
"KQ057213v1","1384660","1384749","JH378263","2761839","2761923","31","1377179","CCTGAGAAAGAGTGAGGCCCCATCTCTATGAAATATAGAAAAAAATAGCCACATGTGGTGGTGCCGGGGTATAGTCACAGCTACTCAGGA","CACGGTGAAACCCCGTCTCTACTAAAAATACAAAAAATTAGCTGGGCATGGTGGCGTGTGCCTGTAATCCCAGCTACTCAGGAGG"
"KQ057213v1","1595322","1595444","JH378136","19522892","19523006","45","17927570","GCCGAACGCAGCAGCACGCGCCATTAATCCCAGCTACGACAGAGGATTCTCTGAGCCAAAGACTGCAGGCCAGCCTGGCGAACAAAGCGAGACTCCCCGTCTCAAAAAAAAAAAAGAGAGAAA","GCTGGGCACAGTGGCTCACACCTGTAATCCTAGCACTCTGGGAGGCCGAGGTCAGGGGATCGAGACCATCCTGGCTAACACAGTGAAACCCCGTCTCTAGTAAAAATACAAAAAA"
"KQ057260v1","767666","767726","JH378262","1817848","1817914","14","1050182","CCACTGCACTCTAACCTGGGCCCACAGAGCAAGGCTCTATCTCTAAATAAATAAAAATAAA","GCCACTGCACTCCAGCCTGGGCAACAGAGCAAGGCTCCGTCTCAAAATAATAATAATAAAATAAAAA"
"KQ057290v1","1709222","1709299","JH378118","1616879","1616936","34","92343","GAAATCACTTAAAGGTTAACTGACGTAAAGAAAGTATTAGGGGCTGGGCATGGTGGCTTATGCTTATAACCCCAGCAC","GTCTATTAAAAATTATTGACCAGAGGCCGGGTGCAGTGGCTCAAGCCTGTAATCCCAG"
"KQ057290v1","2079347","2079413","JH378172","12150534","12150603","15","10071187","ACACCCCGGGCCTCACTCTAGCCTGGGCAACAAAACGAGACTGTCACAAAAAAAAAAAAAAAAAAAA","TCGCGCCTGTTCCCAGCACTCCAGCCTGGGCAACAGAGTGAGACTGTCTCAAAAAAAAAAAAAAACAAAA"
"KQ057290v1","2343170","2343267","JH378107","36404645","36404722","32","34061475","GCCCAGGCGTAGAGTGAGTGCCTGACTCAAGCCTATCTCACAGCAACCTCAAACCCTGGGCTCAAGGAGACTCTGTCTCAAAAAAAAAAAAAAAAAAA","GCTGAGGATGATGGTTTCCAGCTTCATCCATGTCAGCCTGGGCAACTGAGACTCTGTCTCAAAAAAAAAAAAAAAAAA"
"KQ057373v1","337161","337180","JH378110","28985751","28985766","7","28648590","AGTAAGAACATCAAAACATT","ATAGAAACACAACAAA"
"KQ057440v1","642566","642918","JH378221","2000401","2000694","160","1357835","GCGAGACTCTGTCTCCAAAAAAAAAAAAAAAATTTTTTTTTTGTAGAGGCTGGGTGAGGTGGCTCACATCTGTAATCCTAACACCCTGGGAGGCCAAGGCAGGAAGGGTTGCTGAGCAAAGCAGACGCAAGCCTGAGCGAGAGAGAGAGGCGGGCTACTAGAGAGAGGATAGAGAGAAAATAAGCGCGAGGGGTGTGGTTCAGCCGCGAGCGCGCGAGAGGCGAATCAGAGCGCTGAGCAAGGGAGGATCGAGGTGACGCCGCAGTAGTGAGGAGCAGTGGAGTAGGATGATGGCGACGGGAGCGTACTAGGGCAACAAAGCAGGAGGCTCGTTTCTCAAAAAAAAAAAAAAA","GGCCAGGCACTGTGGCTCACACCTGTAATCCCAGCACTTTGGGAGGCAGAGGTGGGCGGATCACTCAAGGTCAGGAGGTCAAGACCAGCCTGGCCAACATGGTGAAACCCCATCTCTACTAAAAATACAAAAAATTAGCTGGGCGTGGTGGTGGGTGCCTGTAGTTCCAGCTACTCAGAAAGCTGAGGCAGGAGAATGGCTTAAACCCAGGAGGTGGAGCTTGCAGAGAGCCGAGATGGTGCCACTGCACTCCAGCCTGGGTGACAGCGAGACTTCATCTCAAAAAAAAAAAAA"
"KQ057449v1","2139598","2139611","JH378119","25862860","25862871","5","23723262","AAATACAAATTGGC","AAAACAAAAGAA"
"KQ057603v1","22955","23038","JH378191","6024646","6024721","24","6001691","GCCTGGCGCGGTGGATCGCACCTGTAACCCCAGCGCTTTGGGAGGGTGCCAGGGCCGAGCGGAGCCAGCTCTCGGGCCCAGGAG","GCTGGGCGCAGTGGCTCACGCCTGTAATCCCAGCACTTTGGGAGGCTGAGCTGGGAAGACTGCTTGAACCCAGAAG"
"KQ057648v1","4146126","4146286","JH378118","21113221","21113383","56","16967095","CCAGGTGGGTAGCTGTACGGATAATCCCAGGCTTGGGAGCCGAGGCGGGAGAGGATCCCGTGAGCCCGGAGGTCAGAATTTACCTAGACTGGCTTCAGAGCCGCCCTGCGCCGTAGCCTGGCGCGCAGAGCAAGACCCTGCTCTCAAAACAAACAACAAGA","TTAGGCAGGTGTGGTGGCATGCACCTGTAGTCCCAGCTACTTGGGAGGCTGAGGCAGGAGAATCCCTTGAACCCAGGAGGTGGAGGTTGCAGTGAGCTGAGATGCCACTGCACTGCAGCCTGGGCAACAGAGCTAGACTCCATCTCAAAAAAAAAAAAAAAAA"
"KQ057764v1","1441904","1441967","JH378111","25179096","25179155","15","23737192","TGATGACACCACTCCAGCCTGGGCAACAGAGTGAGGCTCGGTCCCAAAGAAAAAGAAAAAAAAA","CAAGAGTTACACTCCAGCCTGGGCAACAGAGTGAGACTGTCTCAAAAATAAACAAAAAAA"
"KQ057910v1","2150107","2150165","JH378136","13070436","13070497","11","10920329","TCACGGCACTCACTCTGCCTGGGCAACAAAGCGAGACTCTGTCTCAAAAAAAAAAAAAA","TCACGCCATTGCACTCCAGCCTGGGTAACAAGAGTGAAACTCCATCTCAAAAAAAAAAAAAA"
"KQ058076v1","23773","23853","JH378156","4260996","4261063","29","4237223","CTCAAAATAAAAAAGGCCATATGTGGCTGGGAATGGTGGCTCGCTCTTGTAATCCTAGCCCTTTGAGAGGCCAAGGCAGAC","TCTTAATTTTTAGGCTGAGTATGGTGGCTCACACCTGTAATCCCAGAATTTTGGGAGGCCAAGGCAGG"
"KQ058094v1","2631835","2631896","JH378157","10857843","10857905","22","8226008","GAGTGAGACCCATCTCTACTAAAAATAGAAAAAATTAGCCAGGCAACTAAATATAAGAAAAA","AGAGCGAAACTCCGTCTCAAAAAAAAAAAAAAAAAAAAGAAAAGAAAAGAAAAGAAAAGAAAA"
"KQ058250v1","1380996","1381120","JH378225","6071081","6071197","48","4690085","CAAAACGGGCCTGGGACACCACATAGCAAGACCCATCCTCCTACAAAAAAAAAAAAAAATTAGCCAGGCATGGCTGGGGGGCAGAAGACCTGTAGTCTCAAAAGCTACTTTCGGGCAAGGCTGAG","ATCGAGACCATCCTGGTCAACAAGGTGAAACCCCGTTTCTACTAAAAATACAAAAAATTAGCTGGGCATGGTGGCACGTGCCTGTAATCCCAGCTACTCAGGAGGCTGAGGCAGGAG"
"KQ058264v1","1177230","1177281","JH378197","8805873","8805922","9","7628643","ACGCTAAGCAGAGTGACAGAGCAAGACTCTGTCTCAAAAAAAAAAAAAAAAA","CCAGCCTGGGTGACAGAGCAAGACTCCGTCTCAAAAAAAAAAAAAAAAAA"
"KQ058294v1","8093223","8093284","JH378133","15347976","15348030","12","7254753","ACCCCAAGGACCTAGCCTGGGCAACACAGTGAGACTCTGTCTCAAAAAAACAAAAACAAAAA","TCTAGCCTAGCCTGGGCAACAGAGCAAGACTCTGTCTCAAAAAAAAAAAAAAAAA"
"KQ058355v1","1518506","1518613","JH378322","466174","466283","36","1052332","TGAGGTGGAGGGATGGCACACTCCCAGTGCTCATGTGGGTCCAGGTTTGCTCCTCCCACTGCCAGCCTGGACAACAGAGCAAGACTCTGTTTCAAAAAAAAAAAGAAA","GAAACGGAGAGGCCAAGTCACCTGCCTAAGGCTAGTCAGATCGGGGGAGAGCATACCACTGCACTCCAGCCTGGCAACATAGTAAGACTCTGTCTCAAAAAAAAAAAAAA"
"KQ058377v1","261487","261557","JH378323","242628","242685","18","18859","AAAGATAAAAATAAACCAGGCACGGTGGCTCACGCCTGTAATCCCAGCACTCTGGGGAGGCCAATGCGGGC","GTGGCCGGGCACGGTGGCTCACGCCTGTAATCCCAGCACTTTGGGAGGCCAAGGCGGG"
"KQ058405v1","1611108","1611176","JH378142","11435092","11435157","12","9823984","GGCCGGGCGCTGTGGCTCACGCCTTGTAATCCTAGCTCTTGGGAGGCCGAGGCGGGCGGATTGATTTAA","GGCCGGGCGCGGTGGCTCAAGCCTGTAATCCCAGCACTTTGGGAGGCCGAGGCGGGTGGATCACAA"
"KQ058458v1","317933","318009","JH378121","28866150","28866222","21","28548217","CTTACAGTGATCTCTGATAGCACCACTGCCCTCCAGCTTGAGCATCAGAGTGAGACTCCATCTCTAAAACAAAAGGA","TGCAGTGAGCCGAGATCGCACCACTGCACTGCAGTCTGGCACAAAGTGAGATTCCATCTCAAAAAAAAGAAAA"
"KQ058465v1","364452","364522","JH378156","4260996","4261063","24","3896544","TAAAATATACAACAGGCTAGGCACAGTGGCTCGCACCTGTAATTCCAACACTTTGGGAGGCCAACATGGAC","TCTTAATTTTTAGGCTGAGTATGGTGGCTCACACCTGTAATCCCAGAATTTTGGGAGGCCAAGGCAGG"
"KQ058483v1","4741758","4741837","JH378166","1134854","1134929","25","3606904","ACTAATAATAGACAATGTCAGCTAGGACACAGTGGCTCACACCTGTAATCCCAGCGGCTCTGAGAGGCAGGCAGGGATCA","ATAAAAAGATTCTAAGCCAGGTAGCGGTGGCTCACACCTGATAATCCTAGTACTCTGGGAGGCTGAGGCAGGTGGA"
"KQ058494v1","1502415","1502481","JH378109","2715161","2715233","16","1212746","AATAATAAATGCACTCTAGCCAGGGTGACAGAGCAATACTCTTTCTCAAAAAAAAAAAAAAAAAGAA","GCCTGCTAAAGCTTGCACTCCAGCCTGGGTGACAGAGAGAGAGACTCTGTCTCAAAAAAAAAAAAAAAAAAAA"
"KQ058503v1","96867","96937","JH378141","1910189","1910254","20","1813322","CTTATGAATGCCACTACATGCCAGCCTGGGTGGCAGAGCGAGACTCCATTTCAGGGAAGAGAAGGGGAAAA","ACATCTTGCCACTGCACTCCAGCCTGGGTGACAGAGCGAGACTCCGTCTTCAAAAACAAAGAAAAA"
"KQ058516v1","2021085","2021155","JH378222","586348","586415","15","1434737","TAATGCAACGGCACTCACTCTAGCCTGGGCAACAAAGCGAGACTCTGTCTCAAAAAAACAAAACAACAAAA","GAGATCACGCCATTGCACTCCAGCCTGGGTAACAAGAGCGAAACTCTGTCTCAAAAAAAAAAAAAAAA"
"KQ058538v1","68435","68520","JH378127","11433866","11433944","22","11365431","GAGCGAGCGCTGGACGCCACGGTGCCACTCACTCCAGCCTGGGCGAACAAAGTGGAGATTTTGTCTCAAATGAAAAAAAAAAAAAA","CGGTGAGCCGAGATTGTGCCATTGCACTCCAGCCTGGGTAACAAGAGCGAAACTCTGTCTCAAAGAAAAAAAAAAAAAA"
"KQ058572v1","2322414","2322476","JH378124","26451055","26451117","20","24128641","GCGGGGCGAAGTGGCCGGCGCCTGTAGTCCCAGCCACTCGGGAAGTGGGAGGACCACCTGGGC","GCCGGGCGCAGTGGCTCACGCCTGTAATCCCAGCACTTTGGGAGGCTGAGGCGGGCAGATCAC"
"KQ058601v1","30431","30500","JH378108","45197131","45197194","24","45166700","CCAGACAGAGCAAAAGTGAGACCCCGTCTCTACTAAACATACAAAAAATTAGCCAAAAAAAAAAAAATTA","CTCAAGCCTGGACGACAGAGTGAGACTCTGTCTCAAAAAAAAAAAAAAAAAAAAAAAAAAAAGA"
"KQ058605v1","1350253","1350324","JH378136","17827447","17827505","20","16477194","AAATACTTAGAATAGGCCGGGCGCTGTGGCTCACGCCTGTAATCCTAGCTCTTGGGAGGCCGAGGCGGGCGG","GGCCGGGCGCGGTGGCTCAAGCCTGTAATCCCAGCACTTTGGGAGGCCGAGGCGGGTGG"
"ABDC02037851v1","2720","2739","JH378111","25578435","25578450","10","25575715","ATATGAGGAATGTCGGCGTG","AAATATTAGAAATTCT"
"ABDC02055881v1","2199","2280","JH378123","21743374","21743448","22","21741175","AGCCAGGCATGGTGGCACGCACCTGTTGTTCCAGCCCGGATAATAAAACGAGACTCTGTCTCAAAAAATAGAAAAAGAAAAA","AGCCGAGATTGCACCACTGCACTCCAGCCTGGGTAACAAGAGCGAAACTCCGTCTCAAAAAAAAAAAAAAAAAAA"
